customer_id,age,purchases_last_year,website_visits_last_month,loyalty_score,avg_order_value_eur,days_since_last_purchase,email_sent,purchased,true_hidden_segment,predicted_if_treated,predicted_if_not_treated,uplift
229,59,2,15,5,192.93,12,0,1,Persuadable,0.8414106780139406,0.4908456206617928,0.3505650573521478
612,73,1,13,6,171.6,74,1,0,Mixed/Unknown,0.859249707815029,0.5146364118534045,0.3446132959616245
470,67,0,11,7,10.33,16,0,0,Mixed/Unknown,0.7630631395628733,0.4226626099686857,0.3404005295941876
311,74,1,12,3,56.29,80,0,0,Mixed/Unknown,0.7048206374629742,0.3657403320462094,0.33908030541676476
71,52,1,13,5,51.93,92,0,1,Mixed/Unknown,0.6765241846912777,0.35164336662257856,0.3248808180686992
429,52,2,15,8,177.13,44,0,1,Persuadable,0.8959509085273364,0.5853898696103745,0.31056103891696185
435,50,2,13,5,50.37,8,1,0,Persuadable,0.706165911693123,0.3960731641994074,0.3100927474937156
338,65,1,12,3,92.6,156,0,1,Mixed/Unknown,0.6270154540886242,0.3186344640460094,0.3083809900426148
38,45,3,15,7,26.97,191,1,1,Persuadable,0.8634981864025587,0.5589747340536461,0.30452345234891265
394,68,4,13,2,34.86,22,0,0,Mixed/Unknown,0.7782388885342921,0.4814391976781371,0.29679969085615504
642,61,4,14,4,84.79,19,0,0,Persuadable,0.8465498196470623,0.5532061212341217,0.2933436984129406
105,70,1,11,9,33.61,25,0,1,Mixed/Unknown,0.8816656983775008,0.5884424441372792,0.29322325424022155
349,66,4,13,1,41.1,4,1,1,Mixed/Unknown,0.7160695813226703,0.4249845421714328,0.2910850391512375
370,50,3,13,7,93.25,98,0,0,Persuadable,0.8318242746590666,0.5443057064125049,0.28751856824656175
249,66,0,8,10,41.23,7,0,1,Mixed/Unknown,0.77316282330141,0.4864579862676635,0.28670483703374644
216,74,1,11,9,71.42,75,0,1,Mixed/Unknown,0.8969944101830958,0.6107937735903627,0.2862006365927331
755,64,2,11,4,120.12,25,0,0,Persuadable,0.6746555256984254,0.38861096874921575,0.2860445569492096
221,56,3,12,5,75.88,47,0,1,Persuadable,0.7516178865699031,0.46667405385399335,0.2849438327159098
313,67,2,11,3,120.28,44,0,1,Mixed/Unknown,0.6442576283986192,0.3624325340962436,0.2818250943023756
727,70,3,12,6,29.11,79,1,1,Persuadable,0.8705179015753454,0.5924069204664358,0.2781109811089095
398,44,2,12,6,57.46,13,0,1,Persuadable,0.6625737503153419,0.38511734079088467,0.27745640952445727
369,53,2,11,9,20.49,141,0,1,Persuadable,0.8266994354274448,0.5494132661870327,0.27728616924041216
26,55,3,12,7,34.82,37,0,1,Persuadable,0.8282208461967656,0.5513760675238814,0.27684477867288426
260,50,1,13,3,104.8,17,1,0,Mixed/Unknown,0.5386870348792419,0.26475535475175344,0.2739316801274884
344,73,2,16,7,140.33,21,0,1,Persuadable,0.9497863159370771,0.677032574889743,0.2727537410473341
614,62,4,12,3,111.18,9,0,1,Mixed/Unknown,0.7414239565046752,0.46995956995218446,0.2714643865524907
133,75,2,9,7,89.17,92,0,0,Mixed/Unknown,0.8137297263644998,0.5428278997635314,0.2709018266009684
536,36,5,15,3,149.29,13,0,1,Mixed/Unknown,0.7146492490928975,0.44386599056699766,0.27078325852589985
293,53,1,9,10,26.02,33,0,1,Mixed/Unknown,0.7607579134503681,0.4918919758312382,0.2688659376191299
96,31,3,13,7,70.95,17,1,0,Persuadable,0.7021941293490825,0.43422586353650844,0.2679682658125741
800,56,3,11,6,103.45,76,1,1,Persuadable,0.7575254450083435,0.49003849199902866,0.26748695300931485
702,47,1,10,8,44.11,95,0,0,Mixed/Unknown,0.6544339457314943,0.3900095864150781,0.26442435931641617
31,75,4,11,1,34.15,41,1,1,Mixed/Unknown,0.6974054452770417,0.43326615423161347,0.26413929104542827
191,68,3,10,5,74.92,24,0,1,Persuadable,0.75660580356718,0.492536725577708,0.264069077989472
252,66,2,10,4,96.12,5,1,0,Persuadable,0.6426307523737343,0.37884551795828375,0.2637852344154506
493,40,2,12,6,20.85,86,0,1,Persuadable,0.626871288350429,0.36331537697021554,0.2635559113802135
467,72,4,11,4,110.03,41,1,1,Persuadable,0.8138466490205817,0.5513540864118606,0.2624925626087211
478,62,2,11,3,62.41,48,0,0,Mixed/Unknown,0.598431280219125,0.33598873266753243,0.2624425475515925
357,42,1,11,7,29.19,26,1,0,Mixed/Unknown,0.6015019919014328,0.3413414287296387,0.26016056317179415
24,61,4,15,6,65.0,68,1,1,Persuadable,0.9193164591481144,0.6602713255155532,0.2590451336325612
41,64,4,11,4,62.22,20,1,1,Persuadable,0.7619258307614786,0.5049757567798069,0.2569500739816717
499,75,1,8,5,248.57,11,0,1,Mixed/Unknown,0.6299849439907635,0.3738659804468162,0.25611896354394736
124,68,2,10,3,81.95,75,0,0,Mixed/Unknown,0.6016591834489206,0.3476469853120864,0.2540121981368342
393,62,2,11,10,94.6,89,1,1,Persuadable,0.8971305629200873,0.6432106562171299,0.2539199067029574
237,58,1,10,5,26.15,2,1,0,Mixed/Unknown,0.5769567843418483,0.32394226405435994,0.25301452028748833
270,72,3,10,7,108.35,6,1,1,Persuadable,0.8575305696009817,0.6049846014820707,0.25254596811891106
342,41,4,13,8,96.61,50,1,1,Persuadable,0.8477499604572422,0.5953689022709377,0.2523810581863044
183,62,4,12,1,31.03,79,0,0,Mixed/Unknown,0.6338062053080548,0.38146836803190926,0.2523378372761455
667,67,2,9,5,62.97,36,0,0,Mixed/Unknown,0.6587419959199833,0.40672495442146767,0.2520170414985156
272,72,2,8,8,134.7,14,1,1,Mixed/Unknown,0.8004892330058975,0.5487305688112569,0.25175866419464055
165,44,1,9,10,194.89,4,1,1,Mixed/Unknown,0.6912379623722968,0.43980475982571643,0.2514332025465804
15,70,3,9,6,50.19,57,0,1,Mixed/Unknown,0.7762671849983195,0.5275607821130903,0.24870640288522916
619,72,3,10,2,51.71,46,1,1,Mixed/Unknown,0.6301647838962683,0.3819555353725938,0.24820924852367449
542,43,3,11,7,45.7,20,0,1,Persuadable,0.7077886915387689,0.459840760367819,0.24794793117094988
83,71,4,10,4,29.45,3,0,1,Persuadable,0.7713075124694786,0.5237338577536358,0.2475736547158428
689,49,1,11,5,61.47,3,0,0,Mixed/Unknown,0.5448460446218228,0.2978878201738289,0.24695822444799392
431,69,3,9,5,61.26,63,1,1,Mixed/Unknown,0.7216480696505069,0.4764095645381851,0.24523850511232176
279,69,4,10,4,142.12,83,0,1,Persuadable,0.7572617641526177,0.5121093654334153,0.24515239871920236
512,70,4,12,6,6.32,76,0,0,Persuadable,0.8930728430964138,0.6480442758415852,0.24502856725482858
678,54,4,11,6,77.63,57,1,1,Persuadable,0.7821349455179666,0.5374591787337032,0.2446757667842634
554,49,2,9,10,160.69,41,0,0,Mixed/Unknown,0.7716843993364805,0.5277151788943296,0.24396922044215086
475,24,3,14,5,15.52,23,1,1,Persuadable,0.5745705848146098,0.3312034521674863,0.24336713264712345
722,69,4,11,6,80.3,126,1,1,Persuadable,0.8656495027275257,0.6222988582947873,0.24335064443273846
187,53,5,12,4,77.7,2,1,0,Persuadable,0.7634760988518952,0.5220381980457577,0.24143790080613747
672,53,5,12,4,99.04,33,0,1,Persuadable,0.7634760988518952,0.5220381980457577,0.24143790080613747
650,67,2,12,10,37.75,156,0,1,Persuadable,0.9296418113250576,0.6886001460491331,0.24104166527592452
208,72,4,10,2,77.79,67,1,0,Mixed/Unknown,0.6791565686796113,0.4391217851237156,0.2400347835558957
405,50,4,12,8,97.12,23,1,1,Persuadable,0.8638317842155886,0.6243066625458376,0.23952512166975104
647,63,3,9,6,42.01,33,1,1,Mixed/Unknown,0.7253390548902529,0.4868518706937022,0.23848718419655063
389,63,4,10,5,71.37,10,0,1,Persuadable,0.7606371445969893,0.5225532216839368,0.23808392291305247
527,69,3,10,2,38.18,44,0,0,Mixed/Unknown,0.6025133508275554,0.36561015589238405,0.23690319493517137
351,53,3,12,10,31.65,102,1,1,Persuadable,0.9048478804843284,0.6691167369179054,0.235731143566423
295,43,2,9,10,32.95,78,1,0,Mixed/Unknown,0.7278806077957644,0.49282418834315206,0.2350564194526123
665,75,3,8,5,64.74,25,1,1,Mixed/Unknown,0.7243417610676739,0.48934944764753735,0.23499231342013654
514,61,2,11,2,81.95,29,1,1,Mixed/Unknown,0.5268591529010642,0.2919342539658818,0.23492489893518242
446,41,5,13,7,137.86,22,1,1,Persuadable,0.8431209223500632,0.6085515372685464,0.2345693850815168
535,73,4,10,6,52.61,97,1,1,Persuadable,0.8579655934405838,0.6235351623190585,0.23443043112152528
563,56,2,8,10,30.47,43,1,1,Mixed/Unknown,0.7807921658895096,0.546385638709462,0.23440652718004762
80,71,2,8,10,113.1,5,1,1,Mixed/Unknown,0.8647324321766151,0.6307130034850272,0.23401942869158787
598,75,3,8,7,167.26,23,1,1,Mixed/Unknown,0.8131947084629816,0.5794229820932785,0.23377172636970311
774,46,3,11,5,35.79,28,1,1,Persuadable,0.621716782312944,0.38837269871126473,0.2333440836016793
719,45,5,13,7,83.52,59,0,0,Persuadable,0.8626648755185288,0.6304965316045524,0.23216834391397634
666,70,6,13,3,50.86,27,1,1,Mixed/Unknown,0.8828568870869592,0.6517743755551147,0.23108251153184445
731,42,4,11,8,80.74,29,1,1,Persuadable,0.7883573712937687,0.5581783921246589,0.2301789791691098
657,43,5,12,5,52.75,98,1,1,Persuadable,0.737751770969991,0.5092282928456624,0.2285234781243286
676,53,3,9,8,31.47,32,1,1,Mixed/Unknown,0.7476251582045759,0.5193926836533543,0.22823247455122153
407,65,4,10,7,49.61,81,1,0,Persuadable,0.8505551194334726,0.6224235681585133,0.22813155127495932
420,52,0,7,10,86.25,62,1,0,Mixed/Unknown,0.6129837749790767,0.38509989568157865,0.2278838792974981
616,33,4,12,10,117.0,6,0,1,Persuadable,0.8441490673907769,0.6165956195797844,0.22755344781099252
286,50,1,9,7,38.54,204,0,0,Mixed/Unknown,0.5701983768002815,0.34371203654908844,0.22648634025119307
495,68,3,8,6,79.33,18,1,1,Mixed/Unknown,0.7202214190319578,0.49398494181432245,0.22623647721763535
608,36,2,12,5,58.64,138,0,0,Persuadable,0.5275843616613187,0.3024559850686917,0.22512837659262702
277,41,2,12,4,129.93,17,1,1,Persuadable,0.5132487360155116,0.28889906552532874,0.22434967049018284
195,59,2,8,7,101.25,10,1,0,Mixed/Unknown,0.6525032230759021,0.428345855743207,0.22415736733269515
257,40,3,10,8,71.41,197,0,0,Persuadable,0.6898875612279911,0.465760381519555,0.2241271797084361
197,74,3,8,4,70.76,30,0,1,Mixed/Unknown,0.6625566912041482,0.4384646603305679,0.22409203087358026
399,51,4,10,7,58.57,10,1,1,Persuadable,0.7672908843865531,0.5433728552755293,0.22391802911102388
175,66,4,9,5,34.55,111,1,1,Mixed/Unknown,0.7412835702834893,0.5180565194418963,0.223227050841593
134,58,4,11,2,58.85,22,1,0,Mixed/Unknown,0.6045629226394099,0.38159357527318893,0.22296934736622098
622,45,4,11,5,35.91,35,0,0,Persuadable,0.6625825679897376,0.4400624965497914,0.22252007143994618
45,69,4,14,7,66.49,58,0,1,Persuadable,0.9414163936155627,0.7199862795233892,0.2214301140921735
789,53,4,11,3,94.7,24,0,0,Mixed/Unknown,0.6182097239681132,0.39707140971982924,0.221138314248284
693,54,4,10,5,17.91,32,0,0,Persuadable,0.6910963496312125,0.4702239294943203,0.22087242013689218
70,64,3,9,4,79.87,45,1,0,Mixed/Unknown,0.6237020083835005,0.40315448590969327,0.22054752247380727
234,49,2,13,1,124.87,67,0,1,Mixed/Unknown,0.45716493226927857,0.23664508007820956,0.220519852191069
454,59,3,9,10,54.27,66,1,1,Mixed/Unknown,0.8611338170131914,0.6411371544705046,0.2199966625426868
383,65,4,9,7,55.57,1,0,1,Mixed/Unknown,0.8203117573932561,0.6015652678210014,0.21874648957225473
276,55,2,10,4,69.09,184,0,0,Persuadable,0.5393910061810033,0.320705671310952,0.21868533487005132
738,74,3,7,7,40.82,0,1,0,Mixed/Unknown,0.7705485950374459,0.5521270778087325,0.2184215172287134
543,70,4,9,3,64.0,98,1,0,Mixed/Unknown,0.6690331769203687,0.45075107810552456,0.21828209881484412
547,70,3,8,9,76.76,14,0,0,Mixed/Unknown,0.8557890902022158,0.6380750816528039,0.21771400854941192
98,74,6,11,3,80.49,3,1,1,Mixed/Unknown,0.8500168041970774,0.6328016027262136,0.21721520147086382
347,69,3,10,1,60.96,1,0,1,Mixed/Unknown,0.5407959480076012,0.32462379122331575,0.21617215678428547
520,49,5,12,2,92.28,7,1,0,Mixed/Unknown,0.6250556863741715,0.4090428412401606,0.21601284513401092
580,64,5,15,6,66.89,82,0,1,Persuadable,0.9408688430845669,0.7252933920927245,0.2155754509918424
201,45,5,13,1,115.09,45,0,0,Mixed/Unknown,0.5801028221365805,0.36477609307641573,0.21532672906016476
764,63,3,8,6,73.49,72,0,0,Mixed/Unknown,0.6793097071712263,0.4649423372597433,0.21436736991148297
683,52,4,10,9,63.92,23,0,1,Persuadable,0.8502891549802639,0.6365039726625189,0.21378518231774502
9,75,3,8,9,135.12,35,1,0,Mixed/Unknown,0.8782226691669188,0.6645013357320804,0.21372133343483846
352,55,3,8,9,57.35,0,1,0,Mixed/Unknown,0.7677893455231115,0.5542407047044365,0.21354864081867497
508,60,5,10,4,44.99,40,0,0,Persuadable,0.7317999449875231,0.5188552057759603,0.21294473921156276
56,42,4,10,8,17.43,17,1,1,Persuadable,0.7492379001531455,0.536414394968414,0.21282350518473148
8,56,3,8,8,63.97,0,1,1,Mixed/Unknown,0.7275962819347358,0.5148938482804638,0.212702433654272
503,69,3,7,8,44.98,24,1,1,Mixed/Unknown,0.780546456797367,0.5681668533429769,0.2123796034543901
267,49,3,9,7,23.27,24,1,0,Mixed/Unknown,0.6632068665831131,0.4509044502355029,0.2123024163476102
473,30,6,15,8,73.57,85,1,1,Sure Thing,0.8968868045210142,0.6854424245021237,0.21144438001889054
639,57,3,9,5,50.42,18,1,0,Mixed/Unknown,0.6188688968706592,0.4076252477169564,0.21124364915370275
44,72,1,18,10,70.39,50,1,1,Mixed/Unknown,0.9798103188299007,0.7686301558508083,0.21118016297909237
375,65,6,11,4,62.18,20,1,1,Persuadable,0.8370182986196192,0.6262686062474685,0.2107496923721507
694,29,2,10,9,95.33,81,0,0,Persuadable,0.6001549195826207,0.389771005534316,0.2103839140483047
734,53,3,8,10,121.68,40,1,1,Mixed/Unknown,0.7974266831260507,0.5872883995491318,0.21013828357691888
34,42,0,9,8,97.62,14,0,0,Mixed/Unknown,0.5015382075427781,0.29151088711308637,0.21002732042969174
440,48,3,10,5,289.36,69,1,0,Persuadable,0.5876658762193668,0.3786095275997084,0.20905634861965844
733,38,5,12,9,94.53,12,0,0,Persuadable,0.8640051254944716,0.6562315085164562,0.20777361697801544
120,61,1,9,4,95.67,28,0,0,Mixed/Unknown,0.4885936666682963,0.2818635076593775,0.20673015900891878
643,46,6,12,6,25.2,13,1,1,Persuadable,0.834887095868939,0.6282679135990695,0.20661918226986953
148,61,4,10,9,36.67,0,0,1,Persuadable,0.8897114137698293,0.6834650408930207,0.20624637287680858
794,71,3,9,10,62.42,66,1,1,Mixed/Unknown,0.9082656877412985,0.702590136357727,0.2056755513835714
502,66,1,9,3,102.02,27,0,0,Mixed/Unknown,0.474253918404196,0.2688738180059485,0.2053801003982475
320,33,6,14,8,39.05,1,1,1,Sure Thing,0.8869117629656734,0.6815449197450935,0.20536684322057996
506,32,5,13,10,87.09,182,0,1,Persuadable,0.8897227705384021,0.6848667845366372,0.2048559860017649
578,45,6,14,7,47.18,11,1,1,Persuadable,0.9067918114876559,0.7023959171764744,0.20439589431118144
211,56,5,10,7,61.44,0,1,1,Persuadable,0.8327174716283059,0.6287498740514309,0.203967597576875
76,57,4,9,9,131.13,95,1,1,Mixed/Unknown,0.8470085985058177,0.6430818537390367,0.20392674476678097
290,46,0,9,7,107.28,93,0,1,Mixed/Unknown,0.4774450264837471,0.27359785353786104,0.20384717294588606
466,59,6,11,5,72.03,33,0,0,Persuadable,0.8395196616563163,0.6360056797615374,0.20351398189477887
425,66,5,9,4,47.14,28,0,1,Mixed/Unknown,0.7344315473439363,0.5317770630122554,0.20265448433168098
590,65,4,15,8,100.9,31,0,1,Persuadable,0.956638977743296,0.7541068802468563,0.20253209749643963
724,75,2,7,4,27.52,3,0,1,Mixed/Unknown,0.5686205530377343,0.36621220568070034,0.20240834735703395
380,20,4,11,10,99.53,156,1,1,Persuadable,0.7235291702302608,0.521144221247387,0.20238494898287374
264,70,4,8,4,27.25,194,1,0,Mixed/Unknown,0.6760583842781005,0.47402687802040605,0.20203150625769445
695,66,3,7,10,63.65,60,1,1,Mixed/Unknown,0.8397919100319279,0.6381976110049846,0.20159429902694326
74,53,4,10,10,73.59,63,1,1,Persuadable,0.8837327861876612,0.6824402809427924,0.20129250524486875
46,74,3,6,8,35.61,52,1,1,Mixed/Unknown,0.776140004190494,0.5751559604069812,0.20098404378351276
522,47,4,9,8,117.41,4,1,1,Mixed/Unknown,0.7444086495106432,0.5435045084556794,0.2009041410549638
445,63,5,9,5,33.46,19,1,1,Mixed/Unknown,0.7599946085672107,0.5594541015858706,0.20054050698134007
465,46,5,13,9,144.97,19,1,1,Persuadable,0.9153976248011186,0.7151727485103172,0.20022487629080143
541,54,3,9,5,25.2,19,1,1,Mixed/Unknown,0.5909211603406284,0.3908761007631294,0.20004505957749896
299,49,4,9,7,79.25,1,0,1,Mixed/Unknown,0.7098370340648562,0.5098767601839556,0.19996027388090065
792,36,5,13,10,63.31,21,0,1,Persuadable,0.9041212891695299,0.7046101532953961,0.19951113587413383
624,44,3,8,10,130.07,110,1,1,Mixed/Unknown,0.7348483145811329,0.5357507475433889,0.19909756703774395
609,75,3,8,10,59.69,20,1,1,Mixed/Unknown,0.9027452931579522,0.7036887677968571,0.19905652536109508
61,43,6,12,7,72.43,54,0,0,Persuadable,0.852719633297145,0.6539528785270289,0.19876675477011607
519,62,3,15,10,82.76,211,1,1,Persuadable,0.9631983759835391,0.7644587278891151,0.19873964809442402
110,58,2,6,10,42.5,24,1,0,Mixed/Unknown,0.7124414578147484,0.514227292359145,0.19821416545560344
428,48,5,12,9,74.29,121,1,1,Persuadable,0.9036869561034259,0.7066864017580451,0.19700055434538077
336,52,4,9,10,59.55,59,1,0,Mixed/Unknown,0.8543048118616168,0.6578826349330215,0.19642217692859532
767,59,3,7,8,131.4,201,1,1,Mixed/Unknown,0.7066016750779769,0.5103925979155156,0.19620907716246128
215,44,3,9,7,51.48,63,0,0,Mixed/Unknown,0.6183756064805136,0.4222809685547662,0.19609463792574738
439,59,5,9,6,43.06,25,1,1,Mixed/Unknown,0.7771412511503701,0.5811105463247752,0.19603070482559493
346,41,4,13,1,77.14,55,0,0,Mixed/Unknown,0.48756600570714775,0.29227865127685276,0.195287354430295
305,56,4,8,8,65.81,81,1,1,Mixed/Unknown,0.7684243909332098,0.5734942882739508,0.19493010265925903
366,52,2,9,5,78.14,101,1,1,Mixed/Unknown,0.5181960917595172,0.3259148797778573,0.19228121198165987
461,60,6,10,3,25.9,41,0,0,Mixed/Unknown,0.7247900012652342,0.532573527148871,0.19221647411636322
192,39,3,10,6,140.69,8,1,1,Persuadable,0.5636034832472816,0.37204191590401847,0.19156156734326313
310,45,1,8,8,150.65,0,1,1,Mixed/Unknown,0.5298649876453057,0.3385987780581267,0.19126620958717894
771,75,4,7,8,233.87,58,0,1,Mixed/Unknown,0.8481003656647971,0.6571422184070654,0.19095814725773164
43,61,5,10,8,40.18,19,1,1,Persuadable,0.8861868987141549,0.6952466937019827,0.19094020501217224
521,69,4,7,6,92.25,13,0,0,Mixed/Unknown,0.7273117702898112,0.5369055743961603,0.19040619589365093
427,70,3,6,7,78.09,20,1,0,Mixed/Unknown,0.6973992691672632,0.5070726338664175,0.1903266353008457
553,51,3,8,7,162.49,53,1,1,Mixed/Unknown,0.6306720802603646,0.4407019779651976,0.18997010229516698
660,51,3,8,7,104.38,99,0,0,Mixed/Unknown,0.6306720802603646,0.4407019779651976,0.18997010229516698
607,75,6,11,5,24.95,64,0,1,Persuadable,0.9070829602319034,0.7171865279480654,0.189896432283838
747,75,6,11,5,61.65,53,1,1,Persuadable,0.9070829602319034,0.7171865279480654,0.189896432283838
236,41,5,10,9,38.69,6,1,1,Persuadable,0.8212641600869169,0.631968743679487,0.18929541640742997
233,71,4,8,9,25.17,25,0,1,Mixed/Unknown,0.884598190519565,0.6956838772472193,0.18891431327234576
759,75,2,5,7,77.76,18,1,1,Mixed/Unknown,0.6439219606135688,0.4551971110449649,0.18872484956860386
662,58,3,10,2,35.01,73,0,1,Mixed/Unknown,0.49675978375061675,0.3084927136484706,0.18826707010214616
711,66,2,6,7,104.06,20,1,1,Mixed/Unknown,0.6134890307497051,0.4252258939566291,0.188263136793076
422,54,2,8,6,92.7,2,0,0,Mixed/Unknown,0.545548546221742,0.357436056752191,0.188112489469551
604,69,6,9,3,10.16,70,1,0,Mixed/Unknown,0.7500301334514303,0.5627036369947499,0.18732649645668042
11,40,3,11,4,87.56,22,0,1,Persuadable,0.5026224066876324,0.3153241741255836,0.18729823256204875
127,52,4,9,5,22.45,90,1,1,Mixed/Unknown,0.6240479954173181,0.43692242095383854,0.1871255744634796
783,69,5,8,4,25.2,52,0,1,Mixed/Unknown,0.7137564953941598,0.5272886467672229,0.18646784862693688
353,57,1,9,4,5.02,88,0,0,Mixed/Unknown,0.44976992116287473,0.26340285448643125,0.18636706667644348
674,38,3,8,10,9.42,26,0,1,Mixed/Unknown,0.686845219641903,0.5008919380586775,0.18595328158322555
505,23,2,10,9,22.91,19,1,0,Persuadable,0.5429340083342455,0.35710430848559055,0.185829699848655
222,23,4,10,10,11.95,3,0,1,Persuadable,0.7023493365527901,0.5166465235242771,0.185702813028513
251,34,4,9,10,38.13,6,1,1,Mixed/Unknown,0.7440106328893319,0.5584400927794727,0.18557054010985918
515,22,5,11,9,52.86,81,0,0,Persuadable,0.7319605829892467,0.5464183400377451,0.18554224295150157
463,65,3,9,2,37.06,15,0,1,Mixed/Unknown,0.509868940392114,0.32474013635210186,0.18512880404001208
180,54,5,10,9,114.66,25,0,1,Persuadable,0.8840986163194761,0.6991621724543251,0.18493644386515096
42,68,7,10,2,98.11,46,1,0,Mixed/Unknown,0.7764080083409244,0.5918795474889844,0.18452846085193997
32,39,2,8,9,141.44,9,1,1,Mixed/Unknown,0.5878361818407998,0.4034312542701211,0.18440492757067867
403,45,5,13,10,59.07,23,0,0,Persuadable,0.9305265233471156,0.7462797415382803,0.18424678180883536
489,45,2,9,6,53.37,23,0,1,Mixed/Unknown,0.5130658283099389,0.3300026901687622,0.18306313814117664
534,34,3,11,5,141.01,34,1,1,Persuadable,0.5072345420637719,0.324423412810035,0.18281112925373694
268,23,4,13,4,11.03,9,1,1,Persuadable,0.5014012867196903,0.3188935666137831,0.1825077201059072
232,32,3,10,7,46.44,47,1,0,Persuadable,0.5585448223887003,0.3763852351940895,0.18215958719461078
111,46,4,8,9,21.9,2,1,1,Mixed/Unknown,0.7430571194459904,0.5609034920194138,0.1821536274265766
116,24,7,13,5,103.98,7,0,1,Persuadable,0.7206970743303371,0.5388001453076761,0.18189692902266108
284,65,4,11,10,191.78,3,0,1,Persuadable,0.9380028992114058,0.7562492780702056,0.1817536211412002
513,61,4,13,10,113.34,36,1,1,Persuadable,0.952650836298255,0.771150357245519,0.18150047905273603
709,30,2,9,9,5.0,117,0,0,Mixed/Unknown,0.5559156208461785,0.3745253234262561,0.1813902974199224
314,40,5,10,6,43.02,31,0,0,Persuadable,0.6745288741172335,0.49321827676980606,0.18131059734742744
602,53,3,7,8,182.92,56,1,0,Mixed/Unknown,0.6558795233014105,0.4754938253394494,0.18038569796196113
149,57,3,7,7,111.26,4,0,1,Mixed/Unknown,0.6337994127208366,0.45351205268994776,0.18028736003088885
367,33,6,11,8,98.37,30,0,1,Sure Thing,0.8018783473023353,0.6218272635071731,0.18005108379516221
214,74,4,6,8,51.83,68,1,1,Mixed/Unknown,0.8115765237098959,0.6316840686241668,0.17989245508572904
704,66,3,6,7,199.81,26,0,0,Mixed/Unknown,0.6635102848465694,0.4837988318721944,0.17971145297437496
5,60,2,7,6,78.81,27,1,1,Mixed/Unknown,0.5488810898683246,0.36942446578100435,0.17945662408732027
22,19,5,11,9,165.15,15,0,1,Persuadable,0.7083982205091437,0.5290596417322243,0.1793385787769194
29,50,6,10,7,51.94,5,0,1,Persuadable,0.8303393532751145,0.6510611783833632,0.17927817489175135
740,62,3,6,8,82.15,18,0,0,Mixed/Unknown,0.6846901912244966,0.5058896616546947,0.17880052956980186
219,58,6,10,2,71.25,54,0,0,Mixed/Unknown,0.6542928166141962,0.4756223738285783,0.17867044278561794
388,39,5,10,6,49.54,39,0,1,Persuadable,0.6659110787150162,0.4874005418746628,0.1785105368403534
786,42,4,8,10,75.11,50,1,1,Mixed/Unknown,0.761033340811917,0.5825418528249242,0.17849148798699277
644,30,5,12,4,52.91,111,1,0,Persuadable,0.5683253149481982,0.3900198351477109,0.17830547980048728
1,56,5,9,4,62.13,72,0,0,Mixed/Unknown,0.6518784489091756,0.4736445325023509,0.17823391640682468
106,41,1,11,4,233.23,27,1,0,Mixed/Unknown,0.4050497785196822,0.2270362091925529,0.1780135693271293
684,65,3,7,5,93.77,117,0,0,Mixed/Unknown,0.5879950716469141,0.4101695256680754,0.1778255459788387
492,49,8,12,2,105.67,34,1,0,Mixed/Unknown,0.761693599118035,0.5845946612337848,0.17709893788425024
315,48,3,7,9,33.47,33,0,1,Mixed/Unknown,0.6687257690037156,0.4917517112491051,0.1769740577546105
537,45,5,9,7,36.79,21,0,0,Mixed/Unknown,0.7222400341559602,0.5456033090947341,0.17663672506122607
576,46,4,8,8,93.56,51,1,0,Mixed/Unknown,0.6920067831930152,0.5158253986949448,0.17618138449807041
37,59,2,5,10,125.22,2,0,0,Mixed/Unknown,0.6738747089332751,0.498087008852708,0.17578770008056704
360,46,5,10,4,70.18,17,1,1,Persuadable,0.6125133051723517,0.43770962677758485,0.17480367839476685
377,73,5,7,7,24.89,5,0,0,Mixed/Unknown,0.8329066527280578,0.6590463091532525,0.1738603435748053
798,43,2,9,6,84.72,52,1,0,Mixed/Unknown,0.49357327008878527,0.319790926298419,0.17378234379036628
464,56,7,13,6,53.65,24,1,1,Persuadable,0.9204194567769813,0.7468682031771375,0.1735512535998438
323,74,5,9,8,177.63,70,0,1,Mixed/Unknown,0.9120368821924547,0.7387625802055524,0.1732743019869023
300,24,5,12,5,128.03,123,0,1,Persuadable,0.5728459708645394,0.40001523375786574,0.17283073710667363
226,54,5,10,10,90.96,7,0,0,Persuadable,0.9075625289579811,0.7359100774466258,0.17165245151135522
19,20,2,12,6,74.7,101,0,0,Persuadable,0.4351135534281255,0.2637433847541271,0.1713701686739984
526,57,3,9,3,136.0,67,1,1,Mixed/Unknown,0.49498711905056014,0.32370319610031206,0.17128392295024808
742,59,5,8,5,23.64,16,1,1,Mixed/Unknown,0.6848567431882562,0.5144885875328744,0.17036815565538177
128,52,1,10,3,81.79,117,1,1,Mixed/Unknown,0.3944941649641772,0.22471345390121203,0.1697807110629652
501,39,2,7,10,148.4,1,0,0,Mixed/Unknown,0.5955429705152029,0.426159455196633,0.16938351531856988
787,62,8,11,3,23.66,24,0,1,Mixed/Unknown,0.8456366881787906,0.6765482200135549,0.1690884681652357
706,65,5,7,7,26.35,60,0,1,Mixed/Unknown,0.7848968712236116,0.616048052938019,0.16884881828559262
746,48,4,7,10,62.7,31,1,1,Mixed/Unknown,0.7634708139140588,0.5950880974552122,0.16838271645884662
185,60,4,7,6,12.14,10,1,1,Mixed/Unknown,0.6525121658977944,0.4845978090875027,0.16791435681029165
304,57,6,10,8,140.89,79,0,1,Sure Thing,0.8921966437851181,0.7247552931383738,0.16744135064674426
411,66,5,8,9,61.65,61,1,1,Mixed/Unknown,0.886826693225247,0.720502951233155,0.166323741992092
400,38,4,10,5,254.35,3,1,1,Persuadable,0.5452214470427671,0.3794873947612658,0.1657340522815013
75,67,5,7,5,45.8,80,1,0,Mixed/Unknown,0.7042494105579724,0.5390089811025964,0.16524042945537598
240,66,6,8,4,98.37,7,1,0,Mixed/Unknown,0.7337432900177755,0.5685536506251537,0.16518963939262177
17,57,5,8,5,60.05,165,0,1,Mixed/Unknown,0.6677883050409444,0.5028526402314711,0.1649356648094733
444,57,5,8,5,36.96,30,0,1,Mixed/Unknown,0.6677883050409444,0.5028526402314711,0.1649356648094733
390,47,1,7,8,77.78,98,0,0,Mixed/Unknown,0.49427159590970426,0.32941295311302476,0.1648586427966795
790,23,3,10,8,46.85,9,1,1,Persuadable,0.5341302211668831,0.3698332434620889,0.16429697770479423
162,72,4,6,5,81.42,85,0,0,Mixed/Unknown,0.6513775337776267,0.48709479894643043,0.16428273483119632
292,37,4,12,2,21.32,64,1,1,Mixed/Unknown,0.45665589011876234,0.29238842261210296,0.16426746750665938
646,48,6,9,7,40.8,39,1,1,Mixed/Unknown,0.7840710447221642,0.6199393071253799,0.16413173759678423
744,56,5,9,3,132.12,22,0,0,Mixed/Unknown,0.5926437375784703,0.4287319694435288,0.16391176813494152
202,61,3,6,7,113.12,52,0,1,Mixed/Unknown,0.6186961923686599,0.4548168202239635,0.1638793721446964
337,36,6,11,4,58.5,43,0,1,Persuadable,0.6237384289345868,0.4603642255780935,0.16337420335649327
207,75,5,6,6,68.48,88,0,1,Mixed/Unknown,0.7705555682013193,0.6073636063747608,0.16319196182655848
627,29,2,8,10,44.33,28,0,0,Mixed/Unknown,0.5541643173538243,0.39114996410334235,0.16301435325048197
307,57,4,10,1,102.86,46,1,0,Mixed/Unknown,0.47816906309050056,0.31530498953826497,0.1628640735522356
317,59,3,5,10,25.48,1,1,0,Mixed/Unknown,0.7196522274109945,0.5569708149097342,0.16268141250126034
239,66,6,9,1,20.63,3,1,1,Mixed/Unknown,0.6170381442191798,0.45494462735444335,0.16209351686473644
265,61,6,8,6,32.37,2,1,1,Mixed/Unknown,0.7897703433382719,0.627747717973429,0.1620226253648429
588,43,2,8,7,56.53,47,1,1,Mixed/Unknown,0.5015480676042707,0.3404965121517478,0.16105155545252292
582,47,7,10,6,139.15,18,0,0,Persuadable,0.8077773962054184,0.6476874323290496,0.16008996387636887
333,72,5,6,7,97.87,11,0,0,Mixed/Unknown,0.7936185359119469,0.633650723435629,0.15996781247631786
209,45,6,16,9,53.87,12,0,0,Sure Thing,0.9616125310310737,0.80178051347016,0.1598320175609137
230,61,5,11,10,52.99,11,1,1,Persuadable,0.94145731988724,0.781705736596748,0.159751583290492
371,21,5,10,9,130.67,8,1,1,Persuadable,0.6781101545196104,0.5187594704299826,0.15935068408962783
572,68,1,9,1,130.91,20,1,0,Mixed/Unknown,0.3705415716173282,0.21135155641504458,0.15919001520228362
540,43,5,11,2,81.34,99,0,1,Mixed/Unknown,0.5141492431854888,0.3553831061792113,0.1587661370062775
142,65,3,7,4,120.99,26,0,1,Mixed/Unknown,0.5257976068481304,0.3670783084990277,0.1587192983491027
603,51,5,10,2,61.91,5,1,0,Mixed/Unknown,0.5369439973340842,0.3782278996582539,0.15871609767583028
330,22,2,10,8,53.58,36,1,1,Persuadable,0.47022704116133734,0.3115803390666748,0.15864670209466253
673,42,3,7,9,159.4,34,0,0,Mixed/Unknown,0.6150231933837643,0.4569379869922857,0.1580852063914786
152,52,3,8,5,27.43,10,0,0,Mixed/Unknown,0.5173157400169582,0.3593820009118921,0.15793373910506614
743,75,6,7,6,88.29,14,1,1,Mixed/Unknown,0.8387458464252241,0.6814903541773955,0.15725549224782864
169,43,6,9,7,149.35,243,0,0,Mixed/Unknown,0.7492453102028008,0.5921573335427105,0.15708797666009033
123,28,5,10,7,26.28,75,0,0,Persuadable,0.6255658267164844,0.4687953501710412,0.15677047654544324
132,56,5,14,10,23.13,14,1,1,Persuadable,0.962464699187138,0.8057776357786659,0.15668706340847205
450,39,4,8,8,29.53,33,0,0,Mixed/Unknown,0.6310154500348928,0.47511136540312937,0.15590408463176342
194,19,5,11,7,92.02,9,1,1,Persuadable,0.594551881905844,0.43864967894040463,0.15590220296543933
87,61,9,14,3,92.47,91,0,1,Mixed/Unknown,0.9269167907712746,0.7711422775051907,0.15577451326608394
593,53,5,7,9,17.08,70,0,0,Mixed/Unknown,0.7910614866053333,0.6356335157600415,0.1554279708452918
176,69,3,7,3,174.6,15,0,1,Mixed/Unknown,0.501712024723342,0.3467946785884364,0.1549173461349056
387,72,3,6,4,281.74,106,1,1,Mixed/Unknown,0.5388525362739681,0.38469474165738704,0.15415779461658108
688,56,5,7,10,43.0,10,0,1,Mixed/Unknown,0.8456277193040883,0.6916423576387396,0.1539853616653487
81,59,5,7,6,82.72,4,1,1,Mixed/Unknown,0.6917008505201354,0.5378327963236819,0.15386805419645355
343,71,5,12,9,72.12,4,1,1,Persuadable,0.9583411534205813,0.8045193239388535,0.15382182948172785
617,41,6,9,7,153.38,21,0,0,Mixed/Unknown,0.7343113071848507,0.5808663839343796,0.1534449232504711
131,59,7,9,6,186.22,143,0,1,Mixed/Unknown,0.8433057638904609,0.6900584016208855,0.15324736226957536
779,65,1,5,7,146.91,83,0,1,Mixed/Unknown,0.49638387238317905,0.3432099185685881,0.15317395381459092
170,59,8,10,4,31.35,4,1,1,Persuadable,0.8342021010659694,0.6817366474380508,0.15246545362791852
586,29,7,11,9,67.57,7,1,0,Sure Thing,0.8470287068941116,0.6947089876765755,0.15231971921753606
89,27,7,11,9,20.54,19,1,1,Sure Thing,0.8366486435451802,0.6847456495623677,0.15190299398281248
592,56,4,6,8,46.66,5,1,0,Mixed/Unknown,0.6810138089915958,0.5300659950186936,0.15094781397290225
476,74,6,7,7,227.89,31,1,1,Mixed/Unknown,0.8655689213328552,0.7148090080075421,0.15075991332531313
250,73,4,7,2,7.55,6,0,0,Mixed/Unknown,0.5318041883811804,0.3810682500393668,0.1507359383418136
316,47,7,15,8,31.23,117,1,1,Sure Thing,0.9544766195880622,0.8039528882576886,0.15052373133037356
356,65,5,6,9,203.55,57,0,1,Mixed/Unknown,0.829025500172034,0.6787350908123094,0.1502904093597246
287,26,5,10,7,56.2,66,0,0,Persuadable,0.6071282897961728,0.45721962261427745,0.14990866718189538
725,64,5,6,9,85.1,36,0,0,Mixed/Unknown,0.8234276117152117,0.6736378314035736,0.14978978031163814
382,50,6,10,10,110.26,12,1,1,Sure Thing,0.9125549393968634,0.7628245109856545,0.14973042841120887
770,44,6,9,10,56.81,81,0,0,Sure Thing,0.868845173436551,0.7192393180855639,0.14960585535098714
504,59,6,12,9,178.32,68,1,1,Sure Thing,0.9470880778534966,0.7976955525053415,0.14939252534815506
651,52,7,11,8,42.44,6,1,1,Sure Thing,0.913401576683219,0.7642565637316963,0.14914501295152272
325,66,1,9,1,111.48,1,0,0,Mixed/Unknown,0.3525434706611755,0.20369513761953836,0.1488483330416371
477,53,2,7,6,10.2,34,1,0,Mixed/Unknown,0.48081153751947736,0.3323342836267509,0.14847725389272648
721,48,2,9,4,35.69,74,1,1,Mixed/Unknown,0.41689042780666774,0.2686767003886932,0.14821372741797456
487,40,3,8,7,18.78,99,0,1,Mixed/Unknown,0.5265229804674509,0.3788592305823461,0.14766374988510483
490,51,2,6,8,89.21,9,0,1,Mixed/Unknown,0.5323364597694514,0.3848413859317018,0.14749507383774962
396,25,5,10,7,72.43,110,0,0,Persuadable,0.5977900099832433,0.45144825034389385,0.14634175963934942
760,61,4,5,9,13.63,11,0,1,Mixed/Unknown,0.7281574512589406,0.581871149524539,0.1462863017344016
456,43,9,12,1,99.2,42,0,1,Mixed/Unknown,0.709428491166728,0.5639003001146756,0.1455281910520524
109,62,6,7,6,22.58,44,1,0,Mixed/Unknown,0.7580526952106686,0.6125372455389059,0.14551544967176278
224,44,3,10,3,25.47,29,1,0,Mixed/Unknown,0.42398276391672857,0.2785656079673981,0.14541715594933047
241,75,5,12,9,74.1,1,0,0,Persuadable,0.9641414911925908,0.8187502598413811,0.1453912313512098
761,34,3,7,10,125.07,20,0,1,Mixed/Unknown,0.6008345961260222,0.455763832908541,0.1450707632174812
331,54,3,8,4,46.63,72,1,0,Mixed/Unknown,0.47374245432774936,0.3289375165184058,0.14480493780934356
610,49,3,8,5,120.96,79,0,0,Mixed/Unknown,0.4880810946741217,0.34346579092708757,0.14461530374703413
577,31,6,10,6,7.76,51,0,0,Persuadable,0.6444632985915905,0.49997027826500406,0.1444930203265864
62,70,5,6,10,45.8,34,0,0,Mixed/Unknown,0.8835099284118586,0.7399813239554018,0.14352860445645677
415,47,3,7,7,26.34,22,1,1,Mixed/Unknown,0.5395754270313019,0.39668668820683367,0.14288873882446823
741,70,4,6,4,139.51,0,1,1,Mixed/Unknown,0.5731500884815551,0.4305275575090148,0.14262253097254035
59,75,5,8,10,24.15,37,1,1,Mixed/Unknown,0.9347501992561784,0.7921582476491301,0.1425919516070483
556,65,6,8,9,158.12,14,1,1,Sure Thing,0.9034981693674516,0.7613703304732827,0.1421278388941689
630,50,2,10,2,67.45,23,0,0,Mixed/Unknown,0.3677527077667831,0.22619118571798472,0.14156152204879838
600,71,5,5,7,123.7,33,1,1,Mixed/Unknown,0.7478888718571912,0.6074901371770022,0.14039873468018904
497,75,4,4,7,46.53,33,1,1,Mixed/Unknown,0.6912300949900421,0.5511970359491147,0.14003305904092733
33,61,4,7,4,16.86,35,1,1,Mixed/Unknown,0.5409802850406915,0.40098512514198803,0.13999515989870348
686,35,4,7,10,37.65,27,1,0,Mixed/Unknown,0.6603625359576758,0.5205885079185064,0.13977402803916938
321,43,4,7,8,45.02,25,1,1,Mixed/Unknown,0.6158670001374594,0.4764240999888162,0.13944290014864325
335,58,7,8,5,46.98,44,1,1,Mixed/Unknown,0.7633509885267341,0.624278644668142,0.13907234385859213
189,49,2,6,8,11.89,16,1,0,Mixed/Unknown,0.5128829171049474,0.37387962131991015,0.13900329578503723
671,73,5,5,6,104.11,9,0,0,Mixed/Unknown,0.713606890259678,0.5748891490989961,0.13871774116068192
528,33,7,10,6,156.3,32,0,0,Persuadable,0.7088380785318097,0.5702742577840053,0.13856382074780438
84,46,2,9,4,62.9,30,0,0,Mixed/Unknown,0.3980647406895985,0.2596272691710753,0.1384374715185232
413,61,7,10,8,129.13,3,1,1,Sure Thing,0.923177184098157,0.785468286996291,0.13770889710186596
247,66,5,7,3,175.52,20,0,0,Mixed/Unknown,0.5802554364317487,0.4427669342865488,0.13748850214519992
785,24,1,10,7,38.74,1,1,0,Mixed/Unknown,0.37504700126844537,0.23790176987158476,0.1371452313968606
756,29,4,8,9,71.46,24,1,0,Mixed/Unknown,0.5984615392192768,0.46233909831938563,0.13612244089989117
486,68,4,5,6,23.79,189,1,0,Mixed/Unknown,0.6227021418057873,0.48722736589331866,0.13547477591246865
539,72,7,11,7,70.52,30,0,1,Persuadable,0.9470161201474705,0.8115711416374449,0.13544497851002557
18,41,4,10,3,48.69,52,0,0,Mixed/Unknown,0.44857115959596033,0.31326511289477027,0.13530604670119006
373,31,5,10,5,43.03,159,1,1,Persuadable,0.5313123799990355,0.3969583328402155,0.13435404715882
104,64,5,5,10,27.72,37,1,1,Mixed/Unknown,0.8280180385791769,0.6938828604872104,0.1341351780919665
374,38,1,11,3,75.37,20,1,1,Mixed/Unknown,0.3199842442105422,0.18596128457668748,0.13402295963385474
53,56,1,10,1,44.35,28,0,0,Mixed/Unknown,0.31490317245495353,0.18119077472359724,0.1337123977313563
306,35,6,8,10,37.62,75,0,0,Sure Thing,0.7890752029138813,0.6555025487733356,0.13357265414054575
648,19,3,9,9,54.06,120,1,1,Mixed/Unknown,0.5031667188089999,0.36995691595567254,0.13320980285332734
708,39,6,8,8,48.08,4,0,1,Sure Thing,0.7252240977973126,0.5922854751650491,0.13293862263226341
509,54,7,8,5,25.88,4,1,1,Mixed/Unknown,0.7340312452928056,0.6021973609391351,0.1318338843536705
322,65,2,5,6,93.22,2,0,0,Mixed/Unknown,0.48752977590303137,0.3557176219162714,0.13181215398676
118,41,0,7,8,32.3,57,1,0,Mixed/Unknown,0.3837077936865792,0.2521741411719189,0.13153365251466032
395,71,4,5,5,55.21,33,0,0,Mixed/Unknown,0.5903971855579719,0.45939742694435426,0.13099975861361768
173,49,6,8,5,27.3,78,1,0,Mixed/Unknown,0.6463970451515781,0.515420183764722,0.13097686138685616
129,50,4,10,1,64.34,1,0,0,Mixed/Unknown,0.41088168744289777,0.2812251161824829,0.12965657126041485
372,50,4,10,1,34.85,28,0,0,Mixed/Unknown,0.41088168744289777,0.2812251161824829,0.12965657126041485
654,43,3,9,4,97.9,35,0,1,Mixed/Unknown,0.4222518939440679,0.2929255726227357,0.1293263213213322
3,46,6,7,10,40.25,10,0,0,Sure Thing,0.8216796588881047,0.6924372384095769,0.12924242047852774
474,75,4,4,6,123.28,13,0,1,Mixed/Unknown,0.6349415075926818,0.5060000848918242,0.1289414227008575
259,49,4,7,6,25.0,27,1,1,Mixed/Unknown,0.5501286743616625,0.4212345047163733,0.12889416964528916
246,20,3,10,7,60.05,23,1,1,Persuadable,0.44210017594668116,0.31339839707211736,0.1287017788745638
328,65,4,8,1,35.05,73,0,0,Mixed/Unknown,0.4460987504996152,0.3175819611342046,0.1285167893654106
58,67,7,11,8,59.85,52,0,1,Sure Thing,0.9498254660558647,0.8213262183705943,0.12849924768527043
739,56,9,10,1,47.14,33,0,1,Mixed/Unknown,0.7228217996471774,0.5948213242414736,0.1280004754057038
692,49,2,9,3,37.35,28,1,0,Mixed/Unknown,0.3661054916604622,0.23874474063805937,0.12736075102240282
776,55,3,5,8,112.59,31,0,0,Mixed/Unknown,0.5700286077378374,0.4434291646533665,0.12659944308447085
174,56,1,9,2,26.34,76,0,0,Mixed/Unknown,0.32182567507034326,0.19550162838489724,0.12632404668544603
125,34,4,10,4,71.06,46,0,0,Persuadable,0.44349570261386767,0.3172689388367004,0.1262267637771673
2,69,6,7,2,18.51,161,1,0,Mixed/Unknown,0.5999773933711352,0.4737546657846777,0.12622272758645753
167,32,4,9,6,11.8,62,0,1,Mixed/Unknown,0.4948330363131956,0.36871025665488,0.1261227796583156
297,36,2,6,10,50.6,50,0,1,Mixed/Unknown,0.5123605390211562,0.38811698650700255,0.12424355251415364
550,75,4,3,8,55.39,95,1,1,Mixed/Unknown,0.6979968257209105,0.5742368632677542,0.12375996245315624
780,62,7,10,9,50.91,15,0,1,Sure Thing,0.9414594936363994,0.8179633289605306,0.12349616467586877
710,36,4,11,2,102.24,27,1,0,Mixed/Unknown,0.39333741172691083,0.26993574071561394,0.1234016710112969
558,57,7,9,1,103.39,54,1,0,Mixed/Unknown,0.5849297844409901,0.46164996779776435,0.12327981664322574
448,49,4,8,4,69.87,78,1,1,Mixed/Unknown,0.4792341681909557,0.35597776508370493,0.12325640310725078
255,45,6,7,8,201.17,146,0,1,Sure Thing,0.7278962315565787,0.6047375776264191,0.12315865393015957
629,52,3,9,2,52.92,2,0,0,Mixed/Unknown,0.3852289273727194,0.26217167612862313,0.12305725124409628
566,46,4,9,3,33.06,95,0,0,Mixed/Unknown,0.44226194233075977,0.3194381079526571,0.12282383437810268
529,30,5,11,3,37.91,55,0,0,Mixed/Unknown,0.45069082483602396,0.32814384026452237,0.1225469845715016
762,55,2,6,6,31.7,11,1,0,Mixed/Unknown,0.4453915705921468,0.323235351440644,0.12215621915150277
557,42,2,7,7,77.78,23,0,1,Mixed/Unknown,0.4370114305124728,0.31599932844634276,0.12101210206613006
112,32,2,7,9,79.03,30,0,0,Mixed/Unknown,0.4654512684708138,0.34479356012760776,0.12065770834320605
66,64,7,8,9,75.28,48,0,1,Sure Thing,0.9179410261649952,0.7979379926533532,0.12000303351164199
164,56,8,8,5,41.78,63,1,1,Mixed/Unknown,0.7875350664209786,0.6676817009729409,0.11985336544803771
302,58,5,8,2,76.12,15,1,1,Mixed/Unknown,0.4949969782168178,0.37523336807410823,0.11976361014270959
269,49,8,9,8,57.16,20,0,1,Sure Thing,0.882351833518118,0.762626917544165,0.11972491597395296
701,58,2,9,1,34.96,140,0,0,Mixed/Unknown,0.3311834658445446,0.21197390356778387,0.11920956227676074
244,56,4,7,4,5.0,195,0,0,Mixed/Unknown,0.4923333011292847,0.37337574033096577,0.11895756079831893
140,51,3,9,2,46.34,54,0,0,Mixed/Unknown,0.37603689893625963,0.2576934534566769,0.11834344547958275
457,34,5,11,2,54.42,12,0,0,Mixed/Unknown,0.42694808576720417,0.3089614022372377,0.11798668352996644
549,75,1,4,5,82.71,5,0,1,Mixed/Unknown,0.41341886131127914,0.2958595510566334,0.11755931025464572
138,25,10,13,7,59.02,12,0,1,Persuadable,0.8949789941603342,0.7775411723759238,0.11743782178441042
122,41,3,7,7,94.14,65,1,0,Mixed/Unknown,0.4811796174905479,0.36378591642422203,0.11739370106632585
135,45,0,9,4,50.57,5,1,0,Mixed/Unknown,0.2918375336703059,0.17591901440634214,0.11591851926396377
736,40,5,6,10,100.0,26,1,0,Mixed/Unknown,0.7018960855563486,0.5860046712474021,0.11589141430894656
378,25,6,8,10,46.06,60,1,1,Sure Thing,0.7169621110000067,0.6012116059368028,0.11575050506320395
769,67,1,5,5,41.06,22,0,0,Mixed/Unknown,0.39143519327986726,0.27578313343606325,0.115652059843804
303,50,7,7,9,65.3,7,1,1,Sure Thing,0.8386624608445451,0.7230578366698605,0.11560462417468464
459,50,7,7,9,28.01,17,0,1,Sure Thing,0.8386624608445451,0.7230578366698605,0.11560462417468464
35,66,6,13,10,65.65,17,0,1,Sure Thing,0.9741840426590529,0.8586686883583795,0.11551535430067339
324,69,7,8,9,43.49,33,0,0,Sure Thing,0.9314803059760216,0.8160566594856793,0.11542364649034231
156,64,6,5,10,33.01,125,0,0,Sure Thing,0.8567579985060652,0.7417079249112414,0.11505007359482378
172,68,5,5,5,85.92,29,0,1,Mixed/Unknown,0.6143434360472924,0.5009801610355009,0.11336327501179144
626,41,7,9,4,53.72,35,1,1,Mixed/Unknown,0.6168924783390116,0.5045847494566067,0.11230772888240492
594,50,6,6,8,5.6,8,1,0,Sure Thing,0.7228080339978977,0.6115394756749957,0.11126855832290206
108,42,5,6,9,28.26,15,1,1,Mixed/Unknown,0.6641683514378001,0.5529324333414366,0.11123591809636346
218,30,5,12,1,33.19,31,1,0,Mixed/Unknown,0.3817371018601285,0.27056665349339437,0.11117044836673412
562,33,0,9,6,31.85,63,1,0,Mixed/Unknown,0.29952194437190005,0.18837700372674393,0.11114494064515612
359,42,2,11,1,85.59,18,0,0,Mixed/Unknown,0.2919970201472277,0.1809633627597278,0.11103365738749993
523,64,5,7,2,140.26,14,0,1,Mixed/Unknown,0.498359357291823,0.3874587619166303,0.1109005953751927
51,38,5,6,10,22.05,24,1,0,Mixed/Unknown,0.6853264808846424,0.5746657350497445,0.11066074583489793
157,31,2,11,3,54.75,14,0,0,Mixed/Unknown,0.3079305587361758,0.19735635097620338,0.11057420775997243
567,72,3,6,2,70.0,42,0,0,Mixed/Unknown,0.4136059844305888,0.3030782440890656,0.11052774034152324
86,43,4,9,3,120.93,16,0,1,Mixed/Unknown,0.41363405655754865,0.30445020298448466,0.10918385357306398
555,71,5,5,4,31.45,9,0,0,Mixed/Unknown,0.5818034360787936,0.4730894291033238,0.10871400697546979
524,52,0,7,5,38.41,65,1,1,Mixed/Unknown,0.3095692800632255,0.2017340587672082,0.10783522129601728
713,29,2,9,6,39.09,50,1,0,Mixed/Unknown,0.3608692872230007,0.25338264263194354,0.10748664459105717
146,54,3,4,9,130.4,32,0,1,Mixed/Unknown,0.5682897392605446,0.46085876955844196,0.10743096970210264
518,23,3,9,7,113.97,22,1,0,Mixed/Unknown,0.4167405943423972,0.30953467270318463,0.10720592163921255
589,43,0,9,4,9.05,22,1,0,Mixed/Unknown,0.2759861510405757,0.16927067492628892,0.1067154761142868
137,26,4,8,8,119.64,7,1,0,Mixed/Unknown,0.5074200802683967,0.40076558142629276,0.10665449884210393
274,73,4,4,5,66.98,4,1,1,Mixed/Unknown,0.5555424866425067,0.4491599800541575,0.10638250658834919
732,69,8,9,8,47.78,31,0,1,Sure Thing,0.9423902611694052,0.836543934388441,0.10584632678096417
796,44,7,10,1,20.64,1,0,0,Mixed/Unknown,0.5141590954393465,0.4089071890428605,0.10525190639648596
575,74,7,6,2,26.18,81,0,1,Mixed/Unknown,0.6449247569837594,0.5399135263655191,0.10501123061824025
280,51,6,6,7,79.83,136,0,1,Mixed/Unknown,0.6780934992622453,0.5733570118148466,0.10473648744739872
469,52,1,4,9,48.34,47,1,1,Mixed/Unknown,0.4410119565352728,0.33704197385976353,0.10396998267550928
113,62,3,4,7,78.08,75,0,1,Mixed/Unknown,0.5204906904363962,0.41735032553362483,0.10314036490277134
273,28,2,7,9,48.28,19,0,0,Mixed/Unknown,0.42693127581040063,0.324071246297577,0.10286002951282364
242,69,2,7,1,109.51,44,1,0,Mixed/Unknown,0.3285106853949542,0.22570893475758022,0.10280175063737398
419,23,3,7,10,129.98,27,0,0,Mixed/Unknown,0.49500873608483703,0.39329375241423814,0.10171498367059889
384,29,2,11,3,72.32,190,1,0,Mixed/Unknown,0.29156495789426307,0.1900847245463754,0.10148023334788767
791,48,5,5,9,76.47,24,1,1,Mixed/Unknown,0.6671617381968222,0.5657051369030316,0.10145660129379064
228,68,4,5,4,117.49,10,1,1,Mixed/Unknown,0.49905778164443937,0.39792572810128934,0.10113205354315002
441,71,6,14,10,21.55,128,1,1,Sure Thing,0.9828096419369693,0.8816900303019886,0.10111961163498073
212,50,3,6,6,92.54,11,0,1,Mixed/Unknown,0.45083618366103456,0.350051369774646,0.10078481388638855
517,21,5,8,9,61.53,203,1,0,Mixed/Unknown,0.5754443358917116,0.47486125197979134,0.10058308391192028
309,28,4,7,9,118.26,16,1,1,Mixed/Unknown,0.5348351415477244,0.43485593251296195,0.09997920903476243
621,66,6,6,3,68.98,0,1,0,Mixed/Unknown,0.5793964404746111,0.4796943370595296,0.09970210341508157
20,39,3,5,10,85.72,54,0,1,Mixed/Unknown,0.5406356031163204,0.44109438080165153,0.09954122231466889
155,54,8,9,10,129.27,167,1,1,Sure Thing,0.9378857934045031,0.8384241428160879,0.09946165058841516
203,61,7,5,9,67.34,49,0,1,Sure Thing,0.8370196865984743,0.7388590700782053,0.09816061652026897
707,42,2,7,6,103.99,34,0,1,Mixed/Unknown,0.3762018302825744,0.27813617062932605,0.09806565965324837
143,72,4,5,3,84.67,32,1,1,Mixed/Unknown,0.47497021619182705,0.376952742918235,0.09801747327359206
799,36,7,7,9,28.47,1,0,1,Sure Thing,0.750714160312394,0.6533418276804553,0.09737233263193867
326,19,2,8,9,65.63,1,1,1,Mixed/Unknown,0.39536679350514004,0.2980110013775164,0.09735579212762363
114,18,6,8,10,33.19,4,1,1,Sure Thing,0.6584736790911536,0.561574955531179,0.09689872355997464
548,18,6,8,10,211.39,48,1,1,Sure Thing,0.6584736790911536,0.561574955531179,0.09689872355997464
285,33,5,7,8,119.22,27,0,1,Mixed/Unknown,0.574222262300124,0.47735453825338575,0.09686772404673821
552,64,5,6,3,32.52,9,1,1,Mixed/Unknown,0.5063341689411403,0.40990540557390154,0.09642876336723871
635,29,7,11,2,64.77,6,0,0,Mixed/Unknown,0.48617265357132694,0.3897601161610268,0.09641253741030015
225,26,6,8,8,88.34,47,1,1,Sure Thing,0.613875378331337,0.5176881631809486,0.09618721515038842
49,68,8,9,9,85.68,14,0,1,Sure Thing,0.9529403869572464,0.8570451485512529,0.09589523840599345
21,70,1,4,5,100.05,59,0,0,Mixed/Unknown,0.3670696886824926,0.27219930128410835,0.09487038739838427
655,25,5,9,6,48.75,0,1,0,Mixed/Unknown,0.4808502763952787,0.38599367386077604,0.09485660253450268
605,48,3,8,3,57.98,8,1,0,Mixed/Unknown,0.35629565329980767,0.2622743305331882,0.09402132276661945
618,33,3,10,3,15.3,10,0,0,Mixed/Unknown,0.3240208635792851,0.2301140637943806,0.09390679978490452
712,53,3,8,2,50.1,44,1,0,Mixed/Unknown,0.3432327515309383,0.2498732935894228,0.09335945794151548
525,72,2,3,6,74.48,86,0,0,Mixed/Unknown,0.4457272204395525,0.3528001863405013,0.09292703409905118
795,56,6,4,10,73.46,42,1,1,Sure Thing,0.7783687278441198,0.6858457091946152,0.09252301864950463
438,42,4,8,4,140.07,140,1,0,Mixed/Unknown,0.4119152225460927,0.31955347390313876,0.09236174864295393
248,54,1,9,1,48.01,15,1,0,Mixed/Unknown,0.2543056289970448,0.1620956961742215,0.09220993282282328
570,43,1,9,3,142.07,11,1,0,Mixed/Unknown,0.2689637740761542,0.17714918902273266,0.09181458505342152
332,49,5,5,8,63.77,42,1,1,Mixed/Unknown,0.6182121254024279,0.5265057108699539,0.09170641453247397
182,56,2,7,3,182.55,28,0,0,Mixed/Unknown,0.328049628447959,0.23643460456377982,0.09161502388417916
685,53,7,5,10,16.45,19,0,1,Sure Thing,0.8287345332877335,0.7379448838355207,0.0907896494522128
77,21,4,10,5,15.75,42,1,1,Persuadable,0.3819030031073269,0.29162938825338103,0.09027361485394586
584,69,8,5,7,54.3,6,1,1,Mixed/Unknown,0.8402815959056033,0.7502229980837501,0.0900585978218531
121,25,3,7,9,221.01,98,1,0,Mixed/Unknown,0.4515566186739906,0.3615980336491405,0.0899585850248501
266,43,4,6,7,53.1,7,1,1,Mixed/Unknown,0.4997851454111413,0.4100552555689689,0.0897298898421724
282,39,1,8,5,168.25,48,0,0,Mixed/Unknown,0.29493153373667047,0.20525876060124512,0.08967277313542535
92,48,6,9,1,7.9,50,0,0,Mixed/Unknown,0.4440215356465026,0.3544007253073325,0.08962081033917008
735,70,4,5,3,75.12,26,0,0,Mixed/Unknown,0.45557088075700614,0.3660819585135455,0.08948892224346061
491,19,3,9,7,48.5,127,1,0,Mixed/Unknown,0.37939070192602053,0.28999353771670644,0.0893971642093141
354,37,1,9,4,173.26,113,0,0,Mixed/Unknown,0.2726069728552992,0.18332877843612802,0.0892781944191712
480,18,5,8,9,29.72,57,1,0,Mixed/Unknown,0.546644984070976,0.4574830011428466,0.08916198292812932
634,54,4,7,3,41.51,34,0,0,Mixed/Unknown,0.41070447925446657,0.3217309019040569,0.08897357735040967
385,68,8,6,3,16.18,18,0,0,Mixed/Unknown,0.696826041058622,0.6078660216865767,0.08896001937204534
691,40,7,10,1,42.65,91,1,1,Mixed/Unknown,0.4751914955434034,0.38660523105506656,0.08858626448833684
416,46,1,7,5,43.21,65,1,0,Mixed/Unknown,0.30595267060114784,0.21778147373072576,0.08817119687042207
663,24,3,11,3,125.39,25,1,1,Mixed/Unknown,0.29613319799845367,0.20927016404569249,0.08686303395276118
697,30,1,7,8,177.95,0,1,0,Mixed/Unknown,0.3349736498636737,0.24850520697354284,0.08646844289013084
530,67,6,6,2,84.88,22,1,1,Mixed/Unknown,0.5266963071779147,0.4404109778794718,0.0862853292984429
754,35,1,7,7,109.04,54,0,0,Mixed/Unknown,0.32230106827584803,0.23654645956439121,0.08575460871145682
329,29,2,7,8,103.93,25,0,0,Mixed/Unknown,0.37571129047522045,0.29041873489504155,0.0852925555801789
581,66,5,6,2,31.23,70,1,1,Mixed/Unknown,0.46279898961114774,0.37770437787920313,0.0850946117319446
141,50,5,8,2,53.24,193,1,1,Mixed/Unknown,0.41776697471483565,0.3326842185305867,0.08508275618424893
308,18,1,10,6,60.12,20,0,1,Mixed/Unknown,0.2695362229711751,0.18461253756782683,0.08492368540334824
78,19,3,7,10,75.58,88,1,0,Mixed/Unknown,0.4561298939645618,0.37130842868602976,0.08482146527853202
661,68,9,7,8,33.64,40,0,1,Sure Thing,0.9263351076988136,0.8416119592510533,0.0847231484477603
729,52,10,8,6,108.33,158,1,0,Mixed/Unknown,0.863009512686879,0.7788821297522736,0.08412738293460542
68,61,3,6,3,120.88,6,0,0,Mixed/Unknown,0.3715468391730603,0.2875619448883521,0.08398489428470823
238,69,3,2,8,199.6,94,0,0,Mixed/Unknown,0.5414921741056707,0.45886653030165403,0.08262564380401671
715,36,7,6,10,37.48,81,0,1,Sure Thing,0.7566362535296567,0.6742370249272263,0.08239922860243043
401,47,2,4,9,122.1,37,1,1,Mixed/Unknown,0.4464461284064247,0.364386687689306,0.08205944071711874
350,25,3,10,4,35.59,246,0,0,Persuadable,0.3111202166663433,0.22927668474943724,0.08184353191690608
99,57,5,7,2,86.09,13,1,1,Mixed/Unknown,0.4305751314740918,0.34956167341038624,0.08101345806370558
632,68,9,6,8,80.21,35,1,1,Sure Thing,0.9098011385079668,0.8295462111140104,0.08025492739395645
560,70,8,5,10,68.53,34,1,1,Sure Thing,0.9210369328153295,0.8412559221902953,0.07978101062503418
227,50,3,6,5,17.84,9,0,0,Mixed/Unknown,0.38943355662910045,0.3099570063145833,0.07947655031451717
656,46,1,6,6,55.92,2,0,0,Mixed/Unknown,0.31276824116366697,0.23415588157007136,0.07861235959359561
716,29,4,8,6,127.71,15,0,0,Mixed/Unknown,0.4114088274892674,0.3328217606852946,0.07858706680397276
752,60,8,5,7,95.61,74,1,0,Mixed/Unknown,0.7874125367095863,0.7089484548671718,0.07846408184241449
714,58,2,7,2,111.08,10,0,0,Mixed/Unknown,0.2908133397118621,0.21294334091727546,0.07786999879458661
768,26,6,9,5,162.57,40,0,1,Mixed/Unknown,0.4817403525176514,0.40470901706852835,0.07703133544912305
25,47,6,5,8,124.86,15,1,1,Sure Thing,0.6504363029389292,0.5734868057862708,0.07694949715265842
625,37,6,10,1,61.54,31,1,0,Mixed/Unknown,0.39334682320960074,0.31691760656591755,0.07642921664368318
596,54,5,3,10,43.56,9,1,1,Mixed/Unknown,0.6771547269790558,0.6010454072320149,0.07610931974704083
773,22,5,12,1,113.36,9,0,1,Mixed/Unknown,0.3112856088659525,0.23541395459543238,0.07587165427052014
748,22,1,13,1,59.15,44,1,0,Mixed/Unknown,0.19131102806322076,0.11544919459598627,0.07586183346723449
94,32,5,10,2,85.54,121,0,1,Mixed/Unknown,0.3559931381737885,0.28102242401496835,0.07497071415882017
675,74,7,5,2,19.95,66,1,1,Mixed/Unknown,0.5929812306234963,0.5180266950557811,0.07495453556771514
159,18,5,7,10,95.18,8,0,0,Mixed/Unknown,0.5545383178703026,0.48080212130460226,0.07373619656570035
147,52,5,8,1,158.96,0,1,0,Mixed/Unknown,0.37604615305878214,0.3034301542706625,0.07261599878811964
256,71,3,2,7,52.79,38,0,0,Mixed/Unknown,0.4979834332802846,0.42559327938097224,0.07239015389931236
494,39,5,5,9,17.39,18,0,0,Mixed/Unknown,0.5852710397319002,0.513704003474243,0.07156703625765715
449,64,2,4,5,44.33,27,0,0,Mixed/Unknown,0.3631346335168912,0.29180303638639454,0.07133159713049664
55,21,7,9,6,86.74,16,1,1,Mixed/Unknown,0.5501670800031245,0.4789510353749442,0.07121604462818032
355,52,9,6,7,28.86,19,0,1,Mixed/Unknown,0.8076698160528967,0.7366111225756672,0.07105869347722948
205,47,4,8,2,194.2,52,0,0,Mixed/Unknown,0.3394161984106997,0.26846222217619514,0.07095397623450456
150,39,7,9,2,150.63,4,1,0,Mixed/Unknown,0.4734233910224976,0.4034202355582623,0.0700031554642353
778,25,0,8,7,126.3,39,0,0,Mixed/Unknown,0.24423327920676124,0.17462747780780233,0.06960580139895892
243,29,4,11,1,167.06,39,1,0,Mixed/Unknown,0.2771488672428827,0.2076062540031442,0.06954261323973848
130,22,4,8,7,25.34,2,0,0,Mixed/Unknown,0.4064439259437354,0.33695289761989516,0.06949102832384024
69,25,3,11,2,68.42,7,0,0,Mixed/Unknown,0.25365949698786805,0.1842886556751793,0.06937084131268875
703,34,1,8,5,47.74,39,1,0,Mixed/Unknown,0.25606724773414097,0.18692059346517495,0.06914665426896602
784,34,1,11,1,68.9,59,1,0,Mixed/Unknown,0.1955073997868564,0.12646274774829686,0.06904465203855956
67,24,4,6,10,82.15,15,0,1,Mixed/Unknown,0.5038749728506576,0.43498633962272876,0.06888863322792887
659,43,2,8,3,32.1,19,1,0,Mixed/Unknown,0.2682710776141302,0.199869538298226,0.0684015393159042
391,55,3,5,5,22.11,225,1,0,Mixed/Unknown,0.3833778285913527,0.31609481887647256,0.06728300971488016
601,22,6,11,2,72.43,1,0,1,Mixed/Unknown,0.3669693408532397,0.2998925677332029,0.06707677312003679
638,50,7,7,3,45.72,9,0,0,Mixed/Unknown,0.5334258062882677,0.4677048174184571,0.06572098886981065
376,37,2,8,4,43.21,9,1,0,Mixed/Unknown,0.271908383524387,0.20664265650867927,0.06526572701570774
500,75,2,5,1,17.81,29,1,1,Mixed/Unknown,0.28455481762612284,0.21947389788361288,0.06508091974250996
262,36,3,8,4,90.65,6,1,0,Mixed/Unknown,0.3085346592768675,0.2437860227597369,0.06474863651713061
64,37,5,5,9,59.46,32,0,1,Mixed/Unknown,0.5662251836177368,0.5020674510793681,0.06415773253836865
424,46,3,6,5,44.15,1,1,1,Mixed/Unknown,0.3530496264659377,0.2904004228853828,0.06264920358055487
565,39,6,7,5,74.21,18,0,0,Mixed/Unknown,0.49820526040397667,0.43562044832498104,0.06258481207899563
442,75,4,3,4,28.52,94,0,0,Mixed/Unknown,0.45714852167239955,0.39487428596890284,0.062274235703496716
484,31,2,8,5,22.79,27,1,0,Mixed/Unknown,0.27557643239119933,0.21358403139043305,0.06199240100076628
36,44,3,5,7,171.73,19,1,1,Mixed/Unknown,0.4014702574539352,0.339652608498446,0.061817648955489246
95,25,4,8,6,134.91,94,1,1,Mixed/Unknown,0.3742301887642173,0.31247581537291796,0.061754373391299355
231,41,4,6,6,88.35,22,1,1,Mixed/Unknown,0.4179379494877174,0.35622109850768174,0.061716850980035654
158,20,3,10,4,104.08,32,1,1,Persuadable,0.2709424444216103,0.2093579821641578,0.06158446225745251
559,62,10,6,4,64.97,45,0,0,Mixed/Unknown,0.783236665060956,0.7217656051770694,0.06147105988388657
545,26,5,11,1,55.87,32,1,1,Mixed/Unknown,0.29762164365139193,0.23636263784301784,0.061259005808374095
483,33,8,7,7,14.4,79,0,0,Mixed/Unknown,0.6676602970432165,0.6076481104555946,0.06001218658762186
793,61,2,6,2,176.03,60,1,0,Mixed/Unknown,0.26993304319390193,0.20993939602360356,0.05999364717029837
649,68,3,5,2,37.6,121,1,1,Mixed/Unknown,0.3261729438528704,0.2662645033087123,0.05990844054415806
452,19,4,12,1,137.43,2,1,1,Mixed/Unknown,0.24451823273244566,0.1847700511977573,0.05974818153468836
7,38,2,7,5,92.39,14,0,0,Mixed/Unknown,0.28616785442849635,0.2264699271597572,0.059697927268739154
775,54,1,5,5,41.62,89,0,1,Mixed/Unknown,0.2792516872097119,0.21958003639642518,0.05967165081328671
345,50,3,8,1,128.92,66,0,0,Mixed/Unknown,0.26535919112956335,0.2057665921242212,0.05959259900534217
623,49,11,8,9,112.07,38,1,1,Sure Thing,0.9368917877192526,0.8776512621397939,0.05924052557945869
633,60,3,6,2,67.46,16,1,0,Mixed/Unknown,0.3064052143260085,0.24749048395027673,0.05891473037573175
471,42,9,6,8,29.28,6,0,1,Sure Thing,0.7854009745084044,0.7265395590097048,0.05886141549869961
271,21,4,11,2,76.76,27,1,0,Mixed/Unknown,0.2653817551046823,0.2068287765360078,0.0585529785686745
532,47,4,4,8,47.19,50,1,0,Mixed/Unknown,0.49162773712759456,0.43417841880989033,0.05744931831770422
404,64,4,6,1,195.89,3,1,1,Mixed/Unknown,0.33260225691759526,0.27609814617171563,0.05650411074587963
65,45,2,8,2,42.36,45,1,0,Mixed/Unknown,0.23544264046336544,0.17915882367622174,0.0562838167871437
720,31,3,9,3,71.93,151,0,0,Mixed/Unknown,0.26234063822053977,0.20716761465178923,0.055173023568750534
751,46,11,9,1,35.71,32,0,0,Mixed/Unknown,0.6861181339357235,0.6309595163666388,0.05515861756908469
409,21,3,11,2,166.38,17,1,1,Mixed/Unknown,0.22528023933495853,0.17069961977778716,0.05458061955717136
453,44,3,6,5,133.81,30,1,0,Mixed/Unknown,0.3354483724013835,0.2809003445173884,0.0545480278839951
681,52,2,7,2,69.38,97,0,0,Mixed/Unknown,0.2450132706787807,0.1904708222283071,0.054542448450473596
283,28,4,8,5,71.07,87,0,0,Mixed/Unknown,0.3430938147541447,0.2890018000783534,0.05409201467579128
60,26,3,7,7,44.79,19,0,0,Mixed/Unknown,0.34069609241476667,0.2873747091959659,0.053321383218800755
766,57,5,5,4,55.17,20,1,1,Mixed/Unknown,0.4462821792186384,0.39325134570224235,0.053030833516396036
30,29,3,6,8,54.91,79,0,0,Mixed/Unknown,0.37488465628666623,0.3219819277815327,0.052902728505133556
451,40,6,5,8,28.4,181,1,1,Sure Thing,0.5861361757368693,0.5332339267384164,0.05290224899845286
687,66,3,5,2,30.29,179,0,0,Mixed/Unknown,0.3092710758713558,0.2572677373109321,0.05200333856042372
418,70,8,18,10,76.29,19,1,1,Sure Thing,0.9951457096773709,0.943199725313301,0.05194598436406994
538,75,6,4,2,142.35,67,0,1,Mixed/Unknown,0.4944552517389129,0.4430068557548023,0.051448395984110606
781,18,0,12,2,164.25,38,0,0,Mixed/Unknown,0.1439879338150462,0.09344760104587048,0.05054033276917573
696,72,7,5,1,43.23,13,0,0,Mixed/Unknown,0.5114776787676267,0.46109660727355795,0.050381071494068785
288,23,6,8,6,167.31,147,1,0,Mixed/Unknown,0.46054574914155666,0.4104582224637494,0.05008752667780725
217,69,5,4,3,55.51,0,1,1,Mixed/Unknown,0.445046866415269,0.3956389640283785,0.04940790238689052
414,45,4,4,8,75.04,56,0,1,Mixed/Unknown,0.47215989147811877,0.42277716539961163,0.04938272607850713
278,22,3,8,6,92.43,94,0,0,Mixed/Unknown,0.2998396679460599,0.2506893799064907,0.04915028803956917
481,25,4,7,7,170.18,2,0,0,Mixed/Unknown,0.38173019465888464,0.3329395955476037,0.04879059911128092
468,43,5,6,5,68.97,37,0,0,Mixed/Unknown,0.428325338391384,0.3798413781213735,0.04848396027001051
48,54,5,7,1,45.62,48,0,0,Mixed/Unknown,0.34324164244978006,0.2947731991836135,0.04846844326616656
421,58,1,1,10,29.5,104,0,0,Mixed/Unknown,0.398383330089916,0.3500346088463648,0.04834872124355122
679,26,2,5,10,32.9,1,1,1,Mixed/Unknown,0.36332397397515337,0.31520630387999843,0.04811767009515494
426,63,3,4,4,127.83,97,1,0,Mixed/Unknown,0.3461053881500492,0.2984058030379276,0.047699585112121634
119,18,1,6,10,48.61,37,0,0,Mixed/Unknown,0.2953845031529763,0.24772129869933568,0.04766320445364064
458,57,3,6,2,122.99,90,0,1,Mixed/Unknown,0.2821230653097215,0.234714092825812,0.04740897248390949
765,30,5,10,1,35.87,69,1,1,Mixed/Unknown,0.28430986380043693,0.23731395753535428,0.046995906265082654
579,22,5,11,1,147.0,186,1,0,Mixed/Unknown,0.26607740577053834,0.21996924933203202,0.046108156438506326
723,36,0,7,5,100.66,6,1,0,Mixed/Unknown,0.19372236447048366,0.14830333886481048,0.04541902560567318
23,41,10,8,3,79.87,16,0,1,Mixed/Unknown,0.6580016122103792,0.6126733953506381,0.04532821685974109
381,34,5,7,5,38.13,66,1,0,Mixed/Unknown,0.39672914098703177,0.3516294179292215,0.04509972305781029
668,62,5,2,8,164.0,5,0,1,Mixed/Unknown,0.5811164230541492,0.536234414679234,0.04488200837491518
301,69,3,5,1,80.3,39,0,1,Mixed/Unknown,0.2811114596648188,0.23651436540141713,0.04459709426340169
749,52,6,6,3,34.79,73,0,0,Mixed/Unknown,0.44384080282932475,0.39958691057215556,0.04425389225716919
669,28,5,6,8,36.88,214,1,0,Mixed/Unknown,0.47094270495905866,0.42680467162841407,0.04413803333064459
417,63,5,4,4,147.02,26,0,0,Mixed/Unknown,0.44960826053909464,0.4056825940428049,0.04392566649628976
365,71,4,4,2,13.62,22,0,0,Mixed/Unknown,0.3515811585960396,0.3110648217519615,0.04051633684407813
628,67,6,3,5,115.2,14,0,1,Mixed/Unknown,0.5504746735964309,0.5103627475121031,0.04011192608432779
261,18,4,7,8,14.67,9,1,0,Mixed/Unknown,0.3768941127315341,0.33707145615834,0.039822656573194115
198,70,5,3,4,125.83,71,0,0,Mixed/Unknown,0.46261697334236046,0.42391083308124067,0.03870614026111979
213,18,6,10,3,42.72,3,0,0,Mixed/Unknown,0.3386520268624062,0.30000398646013554,0.038648040402270656
179,47,7,6,4,36.33,3,0,0,Mixed/Unknown,0.5122046355639442,0.4736369060527894,0.038567729511154836
115,42,7,4,9,103.91,3,1,1,Sure Thing,0.6625936601863401,0.6247763489081112,0.03781731127822896
79,23,6,6,9,40.61,0,0,1,Sure Thing,0.5394320888441081,0.5016840611126635,0.03774802773144459
447,67,3,5,1,93.73,20,0,0,Mixed/Unknown,0.26562414693086683,0.22821017234811555,0.03741397458275128
358,52,2,7,1,66.04,47,0,0,Mixed/Unknown,0.2013643450358076,0.16404134040497906,0.03732300463082855
573,54,4,6,2,61.19,53,1,0,Mixed/Unknown,0.3028093576711545,0.2659649984033359,0.03684435926781865
510,50,6,6,3,311.71,59,0,0,Mixed/Unknown,0.4246844664478791,0.38847037095848347,0.03621409548939564
430,50,4,3,8,38.6,122,1,0,Mixed/Unknown,0.4657991532928461,0.42975767679109067,0.03604147650175543
12,28,3,5,9,149.71,24,0,1,Mixed/Unknown,0.3732243527570231,0.33753286533547167,0.03569148742155143
571,33,5,8,3,44.02,35,0,0,Mixed/Unknown,0.3224782390855685,0.28693398463103953,0.03554425445452897
507,71,6,4,2,56.82,8,0,1,Mixed/Unknown,0.4555806630758763,0.4201670986278435,0.035413564448032786
437,35,8,8,3,119.63,28,0,0,Mixed/Unknown,0.4966254112343472,0.46153257806347436,0.03509283317087286
298,37,3,5,7,96.29,16,1,0,Mixed/Unknown,0.33798533724846885,0.3041099579183333,0.03387537933013557
379,24,1,6,8,8.75,66,1,0,Mixed/Unknown,0.2422788822366056,0.20847593796133698,0.033802944275268615
392,55,4,4,5,27.81,4,0,1,Mixed/Unknown,0.3825446626652868,0.34907574612280634,0.033468916542480465
658,27,3,10,1,39.57,91,1,0,Mixed/Unknown,0.18631914486475828,0.15311693443972815,0.03320221042503013
412,34,5,9,1,47.18,11,1,0,Mixed/Unknown,0.27136345060664924,0.2382679114461716,0.03309553916047764
160,22,0,9,4,102.05,73,1,0,Mixed/Unknown,0.14389771738970955,0.11108718146922636,0.03281053592048319
432,38,8,6,6,41.23,4,0,1,Mixed/Unknown,0.6034064660840346,0.5706425440161444,0.03276392206789014
52,26,4,10,1,87.46,25,1,1,Mixed/Unknown,0.21481800950258037,0.18285673258351842,0.03196127691906195
178,21,4,10,2,68.41,7,0,0,Mixed/Unknown,0.22466547143606447,0.19278658041576502,0.03187889102029945
171,30,3,7,5,29.32,87,1,0,Mixed/Unknown,0.26716994605340777,0.23540069463720056,0.031769251416207206
63,19,4,9,4,129.26,28,0,0,Mixed/Unknown,0.2626260708546291,0.23086970006364024,0.031756370790988836
726,33,2,6,6,57.01,15,1,0,Mixed/Unknown,0.25404998572733717,0.22250948519139369,0.03154050053594348
339,33,5,9,1,49.31,9,0,1,Mixed/Unknown,0.263722872454648,0.23406846417886237,0.02965440827578561
782,39,3,7,3,86.89,5,0,0,Mixed/Unknown,0.23813981021774833,0.20890193157184936,0.029237878645898968
797,27,4,5,9,74.64,120,1,0,Mixed/Unknown,0.4157059816158253,0.38673467325713123,0.028971308358694048
699,42,2,3,9,184.27,88,1,1,Mixed/Unknown,0.34739724102431074,0.31850929192903743,0.028887949095273313
611,18,3,6,9,88.33,9,0,0,Mixed/Unknown,0.3345168209328197,0.30592266393584233,0.02859415699697737
574,39,2,7,3,103.85,29,0,0,Mixed/Unknown,0.20102831210846053,0.1724893872873654,0.02853892482109513
423,41,6,8,1,63.43,33,0,0,Mixed/Unknown,0.32776757462019457,0.29931396251998293,0.028453612100211634
583,63,4,4,3,227.75,34,0,1,Mixed/Unknown,0.3381320968388161,0.31005149850782615,0.02808059833098997
496,42,4,6,4,53.42,190,1,0,Mixed/Unknown,0.31065593430348615,0.28261287663709317,0.02804305766639298
361,35,6,7,4,43.4,24,1,1,Mixed/Unknown,0.3975827546996166,0.3696817530028878,0.027901001696728822
488,32,5,5,8,74.54,66,0,0,Mixed/Unknown,0.4548994959406037,0.42809279243175674,0.026806703508846952
597,40,5,8,1,42.83,65,1,0,Mixed/Unknown,0.27403105122473115,0.24780079966689803,0.026230251557833123
763,24,4,10,1,28.65,38,0,0,Mixed/Unknown,0.2019569683666034,0.1760021996035763,0.025954768763027103
235,49,3,5,4,89.84,57,1,0,Mixed/Unknown,0.27656051639945306,0.251060618223871,0.02549989817558207
181,40,5,4,8,98.67,79,0,1,Mixed/Unknown,0.4776499108758865,0.4523317910638513,0.02531811981203519
462,71,3,4,1,37.77,9,0,1,Mixed/Unknown,0.2532275516320191,0.22913852546599583,0.024089026166023264
186,46,5,6,3,93.85,133,0,1,Mixed/Unknown,0.33703980374875386,0.3135885421218844,0.023451261626869446
16,53,1,5,3,76.8,37,1,1,Mixed/Unknown,0.18362614739834818,0.16051393388468865,0.023112213513659524
569,29,7,5,9,32.53,35,0,1,Sure Thing,0.5959170682217645,0.5732414630725775,0.022675605149186984
717,26,2,9,2,38.23,9,1,1,Mixed/Unknown,0.15470403675663863,0.13278916768093346,0.021914869075705168
758,27,3,7,5,84.4,8,1,1,Mixed/Unknown,0.24489926679514676,0.22306341842042765,0.021835848374719108
402,50,6,5,4,50.58,0,1,0,Mixed/Unknown,0.4324967762641976,0.4109363033821924,0.02156047288200519
100,38,4,4,8,33.86,4,0,0,Mixed/Unknown,0.40506173503475773,0.3835888837681581,0.021472851266599646
362,63,5,5,1,41.8,7,0,0,Mixed/Unknown,0.32323237904337104,0.3018493929065214,0.021382986136849635
620,19,4,8,5,85.81,234,1,0,Mixed/Unknown,0.2688503471569394,0.24791628601245339,0.02093406114448601
410,52,1,5,3,62.35,91,0,0,Mixed/Unknown,0.17785293422933568,0.15740171644727313,0.020451217782062547
705,37,7,5,7,77.92,67,0,0,Mixed/Unknown,0.5487479922915728,0.5295441584588266,0.019203833832746153
364,19,3,5,10,142.98,19,0,0,Mixed/Unknown,0.35047913241800716,0.3312979002443984,0.01918123217360873
117,26,3,7,5,39.2,65,0,1,Mixed/Unknown,0.23776067753492985,0.21905488518308688,0.01870579235184297
772,19,1,6,8,161.6,62,1,0,Mixed/Unknown,0.20830303083400475,0.18991902931326582,0.018384001520738935
757,26,5,6,7,175.42,64,0,1,Mixed/Unknown,0.3901349597150354,0.3721587430105269,0.017976216704508496
482,63,3,3,4,43.25,28,0,0,Mixed/Unknown,0.29802856710664033,0.280343709435868,0.017684857670772325
319,24,3,9,2,56.89,2,1,1,Mixed/Unknown,0.17376407291811183,0.1562300671036655,0.017534005814446335
788,21,7,9,3,172.14,5,1,1,Mixed/Unknown,0.36450648238291655,0.3477903223352465,0.01671616004767007
47,20,0,7,6,52.03,5,0,0,Mixed/Unknown,0.1421593918161518,0.1257640323367291,0.016395359479422722
341,37,5,3,10,35.29,34,1,0,Mixed/Unknown,0.5194567810743231,0.5035158853007152,0.01594089577360791
700,52,2,3,6,53.68,101,1,0,Mixed/Unknown,0.2693770817202546,0.25495602370640524,0.014421058013849353
408,36,4,4,8,45.33,10,1,1,Mixed/Unknown,0.38641622732748104,0.3726411839393155,0.013775043388165542
177,49,7,5,4,92.35,134,1,0,Mixed/Unknown,0.47659494303390376,0.46335411630260837,0.013240826731295396
737,33,5,5,7,111.88,20,1,1,Mixed/Unknown,0.40268186637634845,0.3898688052839373,0.012813061092411149
101,33,6,4,9,45.74,17,0,0,Sure Thing,0.5267178646947377,0.5159502791849025,0.010767585509835143
281,23,4,6,7,60.57,70,1,1,Mixed/Unknown,0.31417013493016605,0.3037855080533379,0.010384626876828118
54,35,4,4,8,120.16,54,0,0,Mixed/Unknown,0.3772132515454341,0.36721513688205437,0.009998114663379742
294,36,1,7,2,77.15,116,1,0,Mixed/Unknown,0.12279430933818371,0.11345132411183045,0.009342985226353254
10,36,1,7,2,103.35,141,1,0,Mixed/Unknown,0.12279430933818371,0.11345132411183045,0.009342985226353254
258,54,5,4,4,35.53,20,0,0,Mixed/Unknown,0.3651270370022188,0.3563224116586553,0.008804625343563521
102,62,4,4,2,13.29,93,1,0,Mixed/Unknown,0.2762734992572509,0.2680251392991257,0.008248359958125229
680,41,3,7,1,32.69,38,1,0,Mixed/Unknown,0.169422759750098,0.1613779613675805,0.008044798382517482
348,28,3,8,2,65.78,35,1,0,Mixed/Unknown,0.16469312596570448,0.15692514362109145,0.007767982344613039
91,31,5,4,9,124.04,1,0,1,Mixed/Unknown,0.45314170195668335,0.44540199121332485,0.007739710743358497
531,59,5,5,1,53.56,82,1,0,Mixed/Unknown,0.29009482322228675,0.28259486079939966,0.007499962422887085
184,32,3,8,1,27.89,58,0,0,Mixed/Unknown,0.15185193562757154,0.1455828804904019,0.006269055137169632
682,66,5,3,3,90.68,0,1,1,Mixed/Unknown,0.3639687036310886,0.35861833776941215,0.0053503658616764205
334,26,2,8,2,58.14,42,1,0,Mixed/Unknown,0.12800956625448015,0.12299425006320698,0.00501531619127317
145,41,0,6,2,21.75,34,1,0,Mixed/Unknown,0.09896774395323585,0.0941531028208536,0.0048146411323822524
151,44,4,6,2,42.81,54,1,0,Mixed/Unknown,0.2272555548494994,0.22304801842600372,0.004207536423495695
14,41,6,6,3,72.01,53,0,0,Mixed/Unknown,0.34197660497484694,0.34000632510465084,0.001970279870196101
652,40,3,3,8,40.83,7,1,1,Mixed/Unknown,0.32214978584473475,0.32034896632970883,0.0018008195150259199
631,50,6,6,1,142.99,2,1,1,Mixed/Unknown,0.308237006781866,0.3064517929899009,0.0017852137919651123
591,38,0,6,2,36.97,93,1,0,Mixed/Unknown,0.08901492971403242,0.0883630498889781,0.0006518798250543245
641,60,1,4,1,185.52,4,1,1,Mixed/Unknown,0.12517284219928804,0.12539322755559534,-0.0002203853563073066
664,21,1,7,4,42.99,5,1,0,Mixed/Unknown,0.114426250463933,0.11484823300255892,-0.00042198253862592294
498,39,5,6,3,99.16,6,1,0,Mixed/Unknown,0.2789941692200307,0.2796184271256336,-0.0006242579056029429
196,62,3,4,1,40.73,9,0,0,Mixed/Unknown,0.19272532390888272,0.1942384264284274,-0.0015131025195446735
433,49,3,5,2,91.48,11,0,1,Mixed/Unknown,0.18749201792669512,0.1890833402285164,-0.0015913223018212685
595,47,9,4,6,25.37,1,0,1,Mixed/Unknown,0.6333414739203419,0.635250581310618,-0.0019091073902760547
677,27,3,8,1,44.9,42,1,0,Mixed/Unknown,0.12840806367536794,0.13169279314985582,-0.0032847294744878797
88,51,2,5,1,113.09,8,0,0,Mixed/Unknown,0.1349618266622974,0.1385419004962089,-0.0035800738339115123
210,42,5,5,4,13.02,65,0,0,Mixed/Unknown,0.3099013812684815,0.31370276927552815,-0.0038013880070466577
728,22,3,8,2,77.94,50,1,0,Mixed/Unknown,0.13497533989337734,0.1393179367355939,-0.004342596842216551
193,45,2,5,2,149.39,19,0,0,Mixed/Unknown,0.13713040969435944,0.14360977721209398,-0.0064793675177345356
72,31,4,7,2,174.43,23,1,0,Mixed/Unknown,0.18089940478471606,0.18804336987657141,-0.007143965091855359
97,40,2,6,1,65.42,39,0,0,Mixed/Unknown,0.11242659587439416,0.11965760520167783,-0.007231009327283669
718,24,3,8,1,58.36,23,1,0,Mixed/Unknown,0.11587530178852691,0.12390997790715372,-0.008034676118626807
585,22,2,7,3,16.3,34,1,0,Mixed/Unknown,0.11478802902810961,0.12305149747045,-0.008263468442340383
533,36,1,6,1,89.18,53,0,0,Mixed/Unknown,0.08023691436583015,0.08904711822464267,-0.008810203858812524
57,31,5,4,8,74.74,2,1,0,Mixed/Unknown,0.3916490098881445,0.4011265822222994,-0.009477572334154916
587,33,0,5,3,108.09,36,1,0,Mixed/Unknown,0.0766484502650801,0.08654755657713058,-0.009899106312050474
606,27,5,8,1,6.01,19,1,1,Mixed/Unknown,0.18525243932589142,0.19575889978325142,-0.010506460457360006
637,18,2,8,1,76.76,101,0,0,Mixed/Unknown,0.07705794589119537,0.08849730816076781,-0.011439362269572442
516,56,7,5,1,49.15,123,0,0,Mixed/Unknown,0.3594045231438231,0.37088829758162073,-0.011483774437797634
640,27,3,3,10,65.13,42,0,1,Mixed/Unknown,0.3216933793935718,0.3336340879141235,-0.011940708520551735
397,44,3,5,2,96.89,163,1,0,Mixed/Unknown,0.15958108144983163,0.1718777740094136,-0.012296692559581962
166,26,5,8,1,56.53,1,0,0,Mixed/Unknown,0.17943933402215734,0.19211970624050015,-0.012680372218342811
40,32,4,7,1,89.58,48,1,0,Mixed/Unknown,0.15139838774607614,0.16506683252931736,-0.013668444783241224
245,19,6,8,3,28.76,98,0,1,Mixed/Unknown,0.2551528546553287,0.2689980689544722,-0.013845214299143482
107,43,5,4,5,129.85,157,1,0,Mixed/Unknown,0.3252631994769506,0.3394077671097993,-0.014144567632848715
406,22,6,5,8,132.52,1,1,0,Sure Thing,0.4124523180751955,0.4290061818564503,-0.016553863781254785
511,25,1,6,1,44.7,236,1,0,Mixed/Unknown,0.05375616367532164,0.0703447969534788,-0.016588633278157155
153,18,6,7,5,76.8,101,1,0,Mixed/Unknown,0.30449018659336147,0.32129332471609195,-0.016803138122730488
103,35,4,6,2,40.61,19,0,0,Mixed/Unknown,0.17153330509082607,0.1888483070129968,-0.017315001922170725
645,29,3,4,7,42.3,86,0,0,Mixed/Unknown,0.23063664056919067,0.24938436305888212,-0.01874772248969145
455,19,4,8,1,19.97,7,1,0,Mixed/Unknown,0.11814992124534907,0.13755066602710958,-0.019400744781760515
161,43,4,5,2,36.52,98,0,1,Mixed/Unknown,0.18491962153749433,0.20438207735775943,-0.019462455820265095
753,28,4,7,1,14.38,25,1,0,Mixed/Unknown,0.13242997195738251,0.15262996236007212,-0.020199990402689605
206,28,5,5,6,154.42,3,1,1,Mixed/Unknown,0.3011846503137626,0.32174361803659507,-0.020558967722832444
690,41,5,4,5,13.01,88,1,0,Mixed/Unknown,0.3083868981542626,0.3290479006950819,-0.020661002540819262
636,20,6,7,4,36.82,121,0,0,Mixed/Unknown,0.26885810006422695,0.29260170592959356,-0.023743605865366613
698,40,3,5,1,19.46,29,1,0,Mixed/Unknown,0.11207524245507348,0.1362250653385394,-0.024149822883465913
599,27,1,4,1,28.22,92,0,0,Mixed/Unknown,0.03801348801329339,0.06235321846486443,-0.024339730451571034
200,45,8,6,1,120.08,100,1,0,Mixed/Unknown,0.3613789717344467,0.3869617134045493,-0.025582741670102604
479,37,9,5,5,41.94,1,0,1,Mixed/Unknown,0.531149703032393,0.5568429605526611,-0.025693257520268187
223,25,3,6,2,100.77,9,1,0,Mixed/Unknown,0.10140668202233152,0.127100794273021,-0.025694112250689488
190,24,2,5,1,160.66,31,1,0,Mixed/Unknown,0.05163402677429615,0.07899999998754112,-0.027365973213244972
4,32,4,6,1,54.48,9,0,0,Mixed/Unknown,0.1251898365055011,0.15331193208709007,-0.028122095581588957
777,36,3,5,1,11.69,51,1,0,Mixed/Unknown,0.09746768106710929,0.1256342760199631,-0.028166594952853813
73,34,3,5,1,86.39,8,0,0,Mixed/Unknown,0.09081969990815363,0.12060817249825566,-0.029788472590102033
39,33,2,4,2,103.41,1,1,0,Mixed/Unknown,0.07393671933102708,0.10406592397088726,-0.030129204639860185
220,20,3,6,1,89.35,7,0,0,Mixed/Unknown,0.06729195362240081,0.09755016965843115,-0.030258216036030336
386,39,6,5,3,104.48,16,0,0,Mixed/Unknown,0.2782854739545467,0.31052149187773165,-0.03223601792318492
136,24,2,4,2,145.35,3,1,0,Mixed/Unknown,0.05321866610732476,0.08608819516771084,-0.03286952906038608
443,20,2,4,2,53.34,10,1,0,Mixed/Unknown,0.04588587044679427,0.07903861582291444,-0.03315274537612017
139,29,2,3,1,34.74,30,1,0,Mixed/Unknown,0.040831939863587595,0.07479077047794394,-0.033958830614356346
154,52,3,2,4,12.79,118,1,0,Mixed/Unknown,0.1815155048323533,0.2164130393051168,-0.0348975344727635
318,52,3,2,4,138.1,66,0,0,Mixed/Unknown,0.1815155048323533,0.2164130393051168,-0.0348975344727635
363,35,3,3,6,112.29,80,1,1,Mixed/Unknown,0.19097754256525085,0.2259046447714392,-0.03492710220618836
485,29,5,6,2,133.12,7,0,1,Mixed/Unknown,0.16913428456384832,0.2041328146518756,-0.03499853008802728
750,40,4,4,3,57.34,27,0,0,Mixed/Unknown,0.17243887027813573,0.20828117523783252,-0.035842304959696786
28,38,5,5,2,91.36,76,0,0,Mixed/Unknown,0.18826097588367863,0.22461036901350853,-0.036349393129829904
27,19,4,5,6,16.2,12,1,0,Mixed/Unknown,0.19630289411899687,0.2329337543508537,-0.03663086023185683
568,20,3,5,3,15.21,77,0,0,Mixed/Unknown,0.08748399019890046,0.12459818111656219,-0.03711419091766173
670,46,3,3,2,98.12,12,0,0,Mixed/Unknown,0.11666831528758385,0.15426551426341117,-0.03759719897582732
289,33,9,4,7,134.73,68,1,0,Mixed/Unknown,0.5629381454362212,0.6011829659746161,-0.03824482053839484
253,19,4,6,1,60.33,12,0,0,Mixed/Unknown,0.0793604320882484,0.1180010810029416,-0.038640648914693196
93,65,5,2,2,56.02,76,0,1,Sleeping Dog,0.25538915171144727,0.2944207304522258,-0.039031578740778505
730,29,3,3,7,41.05,13,1,0,Mixed/Unknown,0.1938444988222794,0.23330277972444693,-0.03945828090216755
254,19,3,3,1,37.37,16,1,0,Mixed/Unknown,0.034571419783946886,0.07504926614349162,-0.04047784635954474
564,22,2,3,6,133.52,69,0,0,Mixed/Unknown,0.10270364891083926,0.1454490106777912,-0.04274536176695194
544,40,6,4,4,130.96,28,1,0,Mixed/Unknown,0.2927449092301409,0.33609347204835854,-0.04334856281821764
327,18,6,7,2,93.98,42,1,0,Mixed/Unknown,0.17034140372919973,0.21545443137610107,-0.04511302764690134
296,20,4,4,7,53.43,83,0,0,Mixed/Unknown,0.20772866102107637,0.2544744977160041,-0.04674583669492774
144,40,3,2,1,123.6,33,0,0,Sleeping Dog,0.06115619145408137,0.10807339308250993,-0.046917201628428565
163,31,5,4,5,115.57,25,1,0,Mixed/Unknown,0.2319043460742169,0.2798322438229304,-0.04792789774871353
613,22,4,4,6,120.87,48,0,1,Mixed/Unknown,0.18048148660632268,0.22973012079856056,-0.04924863419223788
6,25,6,4,7,68.43,61,0,1,Mixed/Unknown,0.32965119396090914,0.3809705931438102,-0.05131939918290107
199,23,4,4,5,34.63,37,0,0,Mixed/Unknown,0.15103605644672927,0.20293303344297337,-0.0518969769962441
82,21,6,6,3,74.34,56,1,0,Mixed/Unknown,0.19242434843370904,0.24437062633502718,-0.051946277901318144
90,53,4,2,1,73.15,66,1,0,Sleeping Dog,0.1184333439492677,0.17201622167239178,-0.053582877723124075
615,21,4,4,5,215.91,16,1,0,Mixed/Unknown,0.141306388952994,0.1955059820499065,-0.054199593096912496
275,34,4,3,4,32.39,25,1,1,Mixed/Unknown,0.14548137804641048,0.20079281446415234,-0.05531143641774186
368,58,6,2,3,74.44,35,1,0,Sleeping Dog,0.2944974712873636,0.3500241928469726,-0.05552672155960903
204,37,5,4,1,36.77,26,0,0,Mixed/Unknown,0.12204097252599073,0.1777536023268404,-0.055712629800849664
168,32,5,4,2,56.31,24,0,0,Mixed/Unknown,0.12833055735286641,0.18746990712700665,-0.05913934977414023
340,20,6,5,5,48.39,135,1,0,Mixed/Unknown,0.23343359346454814,0.2938024057344938,-0.06036881226994564
291,20,7,3,10,99.62,55,0,1,Sure Thing,0.46231051290116065,0.5228248900924336,-0.06051437719127295
436,20,8,7,2,55.12,30,0,1,Mixed/Unknown,0.2551603504129444,0.3158873487661163,-0.06072699835317191
434,40,7,4,3,75.23,22,0,1,Mixed/Unknown,0.2854642405138754,0.3484794327122396,-0.06301519219836416
472,41,6,3,4,65.34,64,1,0,Mixed/Unknown,0.25662237569872787,0.3218400275497429,-0.06521765185101502
263,19,6,5,3,82.1,130,0,0,Mixed/Unknown,0.15022752050683325,0.22040954227342507,-0.07018202176659183
653,34,7,1,10,33.16,50,0,0,Sure Thing,0.4884619012863353,0.5601003548377046,-0.07163845355136927
188,30,7,5,1,49.13,102,0,1,Mixed/Unknown,0.16913982714305678,0.24348140764502932,-0.07434158050197254
50,24,7,4,6,146.79,1,0,1,Mixed/Unknown,0.3134194140593187,0.38848421407752076,-0.07506480001820204
551,18,6,4,2,77.22,67,1,0,Mixed/Unknown,0.09580665431606833,0.1742322068263546,-0.07842555251028627
745,31,6,3,5,55.72,6,0,1,Mixed/Unknown,0.23127689801744683,0.31074874579844164,-0.07947184778099481
13,28,4,1,5,149.7,156,1,0,Mixed/Unknown,0.10037717826017108,0.18016464922470923,-0.07978747096453816
312,42,6,2,4,147.21,4,0,1,Mixed/Unknown,0.22354825092514322,0.3079107117872294,-0.08436246086208618
126,25,7,3,7,68.18,27,0,0,Mixed/Unknown,0.3288725146491866,0.41659724113938884,-0.08772472649020224
85,35,8,4,1,84.98,28,1,0,Mixed/Unknown,0.1977680748816338,0.29554276525004297,-0.09777469036840916
561,18,5,1,6,40.61,65,0,0,Mixed/Unknown,0.10778364571149598,0.20916006600758494,-0.10137642029608895
546,29,7,3,3,34.44,18,1,0,Mixed/Unknown,0.1726550152308917,0.27494714856977626,-0.10229213333888457
460,26,7,3,4,69.48,17,1,0,Mixed/Unknown,0.19286499686125486,0.29775766324492425,-0.1048926663836694
